{"stats":{"minecraft:picked_up":{"appliedenergistics2:encoded_pattern":1,"pipez:infinity_upgrade":1,"create:copper_ingot":1,"ironfurnaces:rainbow_coal":1,"minecraft:bone":3,"mysticalagriculture:inferium_essence":3,"minecraft:poppy":3,"minecraft:stone":2,"minecraft:arrow":4,"minecraft:rotten_flesh":18,"minecraft:iron_helmet":1},"minecraft:custom":{"minecraft:interact_with_smithing_table":2,"minecraft:interact_with_furnace":13,"minecraft:inspect_hopper":1,"minecraft:items_extracted":192,"minecraft:interact_with_crafting_table":4,"minecraft:play_one_minute":164580,"minecraft:items_inserted":64,"minecraft:time_since_death":164580,"minecraft:time_since_rest":164580,"minecraft:sprint_one_cm":6359,"minecraft:walk_one_cm":64948,"minecraft:drop":98,"minecraft:fly_one_cm":31086,"minecraft:crouch_one_cm":1394,"minecraft:sneak_time":1427,"minecraft:jump":43},"minecraft:dropped":{"refinedstorage:interface":1,"ironfurnaces:million_furnace":1,"create:copper_ingot":3,"appliedenergistics2:crafting_accelerator":1,"appliedenergistics2:storage_bus":2,"powah:energy_hopper_nitro":1,"minecraft:smithing_table":1,"powah:energy_cell_creative":1,"thermal:copper_ingot":1,"extrastorage:netherite_crafter":1,"extrastorage:advanced_importer":2,"refinedstorage:crafting_monitor":1,"refinedstorage:pattern_grid":1,"projecte:rm_furnace":1,"appliedenergistics2:pattern_terminal":1,"minecraft:bedrock":64,"appliedenergistics2:controller":1,"refinedstorage:cable":4,"appliedenergistics2:import_bus":1,"appliedenergistics2:encoded_pattern":1,"storagedrawers:oak_full_drawers_1":2,"projecte:alchemical_coal":1,"refinedstorage:speed_upgrade":3,"pipez:item_pipe":2,"minecraft:stone":839,"ironfurnaces:netherite_furnace":1,"ironfurnaces:rainbow_coal":1,"projecte:aeternalis_fuel":64,"thermal:copper_ore":1,"appliedenergistics2:interface":1,"refinedstorage:external_storage":1,"minecraft:andesite":2,"appliedenergistics2:white_smart_cable":3,"minecraft:hopper":1,"mysticalagradditions:creative_essence":1,"storagedrawers:drawer_key":2,"appliedenergistics2:64k_crafting_storage":1,"refinedstorage:crafting_grid":1,"pipez:infinity_upgrade":2,"minecraft:smooth_stone":193,"storagedrawers:creative_vending_upgrade":898,"pipez:wrench":2,"appliedenergistics2:crafting_terminal":1,"refinedstorage:crafter_manager":1},"minecraft:crafted":{"minecraft:smooth_stone":64,"create:copper_ingot":1,"minecraft:air":0},"minecraft:used":{"storagedrawers:oak_full_drawers_1":2,"powah:energy_hopper_nitro":2,"mysticalagriculture:supremium_furnace":1,"colossal_battery:battery_inner_material_mek_ultimate":21,"minecraft:stone":9,"appliedenergistics2:white_smart_cable":13,"refinedstorage:crafting_monitor":1,"appliedenergistics2:storage_bus":2,"refinedstorage:creative_controller":1,"colossal_battery:battery_wall_ultimate":52,"extrastorage:netherite_crafter":3,"minecraft:hopper":1,"extrastorage:advanced_importer":2,"minecraft:crafting_table":2,"refinedstorage:pattern_grid":1,"appliedenergistics2:crafting_accelerator":40,"projecte:rm_furnace":2,"appliedenergistics2:import_bus":1,"ironfurnaces:million_furnace":1,"appliedenergistics2:controller":1,"refinedstorage:crafter_manager":1,"refinedstorage:cable":11,"ironfurnaces:netherite_furnace":1,"appliedenergistics2:interface":3,"refinedstorage:crafting_grid":1,"refinedstorage:external_storage":1,"appliedenergistics2:64k_crafting_storage":82,"refinedstorage:interface":1,"minecraft:smithing_table":1,"pipez:item_pipe":1,"powah:energy_cell_creative":1,"minecraft:andesite":6,"refinedstorage:disk_drive":1,"storagedrawers:drawer_key":4}},"DataVersion":2586}