{"stats":{"minecraft:dropped":{"minecraft:water_bucket":1,"ironfurnaces:million_furnace":1,"create:copper_ingot":3,"appliedenergistics2:crafting_accelerator":1,"colossal_battery:battery_core":1,"minecraft:loom":1,"colossal_battery:battery_interface":1,"powah:energy_hopper_nitro":1,"minecraft:smithing_table":2,"colossal_battery:battery_inner_material_mek_basic":1,"minecraft:dark_oak_sapling":1,"minecraft:creeper_spawn_egg":1,"blockcarpentry:illusion_door":1,"blockarmor:battery_wall_ultimate_leggings":2,"refinedstorage:crafting_monitor":1,"blockcarpentry:frameblock":2,"projecte:rm_furnace":1,"appliedenergistics2:pattern_terminal":1,"colossal_battery:battery_wall_ultimate":4,"minecraft:bedrock":64,"minecraft:grass_block":1,"appliedenergistics2:controller":1,"refinedstorage:cable":4,"appliedenergistics2:encoded_pattern":1,"blockcarpentry:frame_chest":1,"refinedstorage:creative_storage_disk":1,"storagedrawers:oak_full_drawers_1":2,"refinedstorage:speed_upgrade":3,"ironfurnaces:netherite_furnace":1,"colossal_battery:battery_wall_copper":4,"darkutils:import_plate_extreme":1,"projecte:aeternalis_fuel":64,"thermal:copper_ore":1,"minecraft:repeater":2,"refinedstorage:external_storage":1,"darkutils:vector_plate":2,"darkutils:filter_water":1,"mysticalagradditions:creative_essence":1,"darkutils:filter_player":1,"appliedenergistics2:64k_crafting_storage":1,"blockarmor:battery_wall_ultimate_chestplate":2,"minecraft:bone_meal":1,"betterendforge:aeternium_hammer":1,"minecraft:white_banner":1,"refinedstorage:crafting_grid":1,"minecraft:smooth_stone":193,"refinedstorage:pattern":1,"mob_grinding_utils:null_sword":1,"appliedenergistics2:crafting_terminal":1,"colossal_battery:battery_inner_tier_advanced":1,"minecraft:redstone":2,"refinedstorage:interface":1,"colossal_battery:battery_inner_tier_basic":3,"create_stuff_additions:nixie_lamp":1,"appliedenergistics2:storage_bus":2,"blockcarpentry:frame_fence_gate":1,"powah:energy_cell_creative":2,"thermal:copper_ingot":1,"darkutils:export_plate_extreme":1,"darkutils:vector_plate_banner_pattern":1,"extrastorage:netherite_crafter":1,"extrastorage:advanced_importer":2,"darkutils:shielded_redstone":1,"darkutils:vector_plate_extreme":2,"minecraft:comparator":2,"refinedstorage:pattern_grid":1,"blockarmor:battery_wall_ultimate_helmet":2,"chisel:glowstone/extra/neon":4,"appliedenergistics2:import_bus":1,"blockcarpentry:frame_door":2,"projecte:alchemical_coal":1,"darkutils:redstone_randomizer":1,"pipez:item_pipe":2,"minecraft:stone":871,"minecraft:gunpowder":3,"create:creative_motor":1,"ironfurnaces:rainbow_coal":2,"appliedenergistics2:interface":1,"appliedenergistics2:white_smart_cable":3,"minecraft:andesite":9,"mysticalagriculture:inferium_essence":1,"minecraft:hopper":1,"minecraft:chest":1,"colossal_battery:battery_wall_mek_basic":4,"storagedrawers:drawer_key":2,"minecraft:redstone_torch":1,"blockcarpentry:frame_bed":1,"wings:bat_wings_bottle":1,"pipez:infinity_upgrade":2,"colossal_battery:battery_wall_iron":2,"blockcarpentry:frame_trapdoor":1,"blockarmor:battery_wall_ultimate_boots":2,"storagedrawers:creative_vending_upgrade":898,"pipez:wrench":2,"colossal_battery:battery_inner_tier_ultimate":2,"refinedstorage:crafter_manager":1},"minecraft:used":{"storagedrawers:oak_full_drawers_1":2,"mysticalagriculture:supremium_furnace":1,"minecraft:redstone":38,"colossal_battery:battery_inner_material_mek_ultimate":29,"minecraft:chest":1,"minecraft:stone":261,"appliedenergistics2:white_smart_cable":13,"refinedstorage:crafting_monitor":1,"darkutils:export_plate_extreme":3,"refinedstorage:creative_controller":1,"colossal_battery:battery_wall_ultimate":219,"extrastorage:netherite_crafter":3,"darkutils:vector_plate_extreme":17,"extrastorage:advanced_importer":2,"minecraft:hopper":1,"appliedenergistics2:crafting_accelerator":40,"projecte:rm_furnace":2,"colossal_battery:battery_inner_tier_ultimate":34,"appliedenergistics2:controller":1,"refinedstorage:crafter_manager":1,"colossal_battery:battery_inner_tier_basic":7,"colossal_battery:battery_wall_copper":59,"darkutils:filter_player":14,"minecraft:grass_block":3,"create_stuff_additions:nixie_lamp":2,"chisel:glowstone/extra/neon":12,"refinedstorage:external_storage":1,"appliedenergistics2:64k_crafting_storage":82,"create:creative_motor":1,"blockcarpentry:illusion_door":1,"refinedstorage:interface":1,"darkutils:import_plate":4,"minecraft:repeater":22,"colossal_battery:battery_core":18,"wings:bat_wings_bottle":1,"pipez:item_pipe":1,"mob_grinding_utils:null_sword":6,"colossal_battery:battery_wall_mek_elite":9,"refinedstorage:disk_drive":1,"betterendforge:aeternium_hammer":1,"colossal_battery:battery_inner_material_mek_basic":82,"minecraft:dark_oak_sapling":3,"blockcarpentry:frame_bed":2,"minecraft:water_bucket":2,"powah:energy_hopper_nitro":2,"colossal_battery:battery_wall_obsidian":29,"blockcarpentry:frame_chest":2,"blockcarpentry:frameblock":12,"appliedenergistics2:storage_bus":2,"darkutils:redstone_randomizer":2,"darkutils:shielded_redstone":4,"minecraft:comparator":3,"refinedstorage:pattern_grid":1,"minecraft:crafting_table":2,"minecraft:loom":1,"appliedenergistics2:import_bus":1,"colossal_battery:battery_inner_tier_advanced":3,"ironfurnaces:million_furnace":1,"minecraft:creeper_spawn_egg":3,"minecraft:redstone_torch":12,"darkutils:import_plate_extreme":3,"refinedstorage:cable":11,"colossal_battery:battery_wall_mek_basic":206,"blockcarpentry:frame_door":6,"ironfurnaces:netherite_furnace":1,"blockcarpentry:frame_trapdoor":11,"darkutils:export_plate":3,"appliedenergistics2:interface":3,"refinedstorage:crafting_grid":1,"blockcarpentry:frame_fence_gate":1,"darkutils:vector_plate":25,"darkutils:filter_water":7,"colossal_battery:battery_interface":15,"minecraft:cobblestone":1,"minecraft:white_banner":1,"minecraft:smithing_table":2,"powah:energy_cell_creative":3,"minecraft:andesite":11,"storagedrawers:drawer_key":4,"minecraft:bone_meal":38,"colossal_battery:battery_wall_iron":24},"minecraft:picked_up":{"refinedstorage:creative_storage_disk":1,"colossal_battery:battery_wall_iron":1,"ironfurnaces:rainbow_coal":2,"colossal_battery:battery_wall_ultimate":4,"mysticalagriculture:inferium_essence":4,"minecraft:poppy":3,"minecraft:stone":17,"minecraft:rotten_flesh":18,"minecraft:arrow":4,"colossal_battery:battery_wall_copper":2,"chisel:glowstone/extra/neon":3,"minecraft:cobblestone":1,"appliedenergistics2:encoded_pattern":1,"minecraft:andesite":3,"minecraft:gunpowder":4,"pipez:infinity_upgrade":1,"darkutils:vector_plate_extreme":1,"create:copper_ingot":1,"minecraft:bone":3,"refinedstorage:pattern":1,"darkutils:vector_plate":2,"minecraft:iron_helmet":1,"colossal_battery:battery_wall_mek_basic":2},"minecraft:custom":{"minecraft:interact_with_smithing_table":3,"minecraft:mob_kills":3,"minecraft:inspect_hopper":1,"minecraft:interact_with_crafting_table":4,"minecraft:items_inserted":64,"minecraft:leave_game":2,"minecraft:time_since_death":399441,"minecraft:sprint_one_cm":14931,"minecraft:walk_one_cm":331144,"minecraft:drop":211,"minecraft:sneak_time":3324,"minecraft:jump":121,"minecraft:interact_with_furnace":15,"minecraft:items_extracted":192,"minecraft:play_one_minute":399441,"minecraft:interact_with_loom":2,"minecraft:time_since_rest":399441,"minecraft:damage_dealt":560,"minecraft:fly_one_cm":108298,"minecraft:open_chest":7,"minecraft:crouch_one_cm":6916},"minecraft:killed":{"minecraft:creeper":3},"minecraft:mined":{"minecraft:stone":1},"minecraft:crafted":{"minecraft:smooth_stone":64,"create:copper_ingot":1,"minecraft:air":0,"betterendforge:aeternium_hammer":1}},"DataVersion":2586}