{"stats":{"minecraft:killed_by":{"minecraft:creeper":2},"minecraft:picked_up":{"minecraft:iron_chestplate":1,"minecraft:crafting_table":1,"minecraft:string":2,"mysticalagriculture:inferium_essence":3,"blockarmor:witherproof_glass_boots":1,"minecraft:poppy":5,"minecraft:dark_oak_sapling":10,"minecraft:stick":7,"minecraft:stone":169,"minecraft:purpur_pillar":34,"minecraft:diorite":24,"minecraft:netherite_pickaxe":1,"thermal:apatite_ore":2,"minecraft:rotten_flesh":3,"minecraft:mutton":1,"minecraft:obsidian":12,"minecraft:snowball":16,"minecraft:iron_bars":1,"minecraft:cobblestone":184,"blockarmor:command_block_helmet":1,"minecraft:andesite":13,"apotheosis:pearl_endshelf":5,"minecraft:red_mushroom_block":45,"minecraft:gunpowder":4,"minecraft:lapis_lazuli":125,"minecraft:dirt":23,"minecraft:spawner":1,"minecraft:apple":1,"minecraft:iron_ore":6,"minecraft:ghast_tear":3,"tconstruct:copper_ore":19,"thermal:strawberry_seeds":1,"minecraft:grass_block":5,"minecraft:dark_oak_log":53,"blockarmor:enchanting_table_chestplate":1,"immersiveengineering:seed":1,"minecraft:granite":38,"minecraft:gray_wool":1,"blockarmor:command_block_chestplate":1,"minecraft:oak_sapling":6,"minecraft:coal":3,"minecraft:oak_leaves":56,"minecraft:ender_pearl":1},"minecraft:dropped":{"minecraft:spawner":1,"blockarmor:enchanting_table_helmet":1,"minecraft:netherite_pickaxe":1,"blockarmor:soul_sand_chestplate":1,"blockarmor:sticky_piston_chestplate":1,"blockarmor:crying_obsidian_boots":1,"minecraft:lapis_lazuli":189,"blockarmor:dispenser_helmet":1,"minecraft:glass_bottle":1,"minecraft:crafting_table":41,"blockarmor:chain_command_block_boots":1,"minecraft:dark_oak_sapling":10,"blockarmor:chain_command_block_chestplate":1,"apotheosis:pearl_endshelf":89,"blockarmor:ice_helmet":1,"minecraft:cobblestone":184,"minecraft:apple":1,"minecraft:granite":30,"blockarmor:note_block_helmet":1,"blockarmor:oak_leaves_boots":1,"blockarmor:glass_helmet":1,"minecraft:grass_block":1,"projecte:rm_pick":1,"blockarmor:chain_command_block_leggings":1,"minecraft:coal":3,"appliedenergistics2:controller":7,"blockarmor:respawn_anchor_chestplate":1,"minecraft:stick":7,"blockarmor:dirt_helmet":1,"blockarmor:chest_chestplate":1,"minecraft:dirt":18,"blockarmor:carved_pumpkin_boots":1,"minecraft:gray_wool":1,"blockarmor:sticky_piston_helmet":1,"minecraft:dark_oak_log":52,"blockarmor:crying_obsidian_helmet":1,"blockarmor:respawn_anchor_leggings":1,"blockarmor:furnace_chestplate":1,"minecraft:diorite":24,"tconstruct:materials_and_you":1,"blockarmor:chest_leggings":1,"minecraft:mutton":1,"blockarmor:crying_obsidian_chestplate":1,"blockarmor:enchanting_table_chestplate":2,"blockarmor:furnace_helmet":1,"tconstruct:copper_ore":9,"minecraft:snowball":16,"theoneprobe:probenote":1,"projecte:gem_boots":2,"gravestone:obituary":1,"projecte:gem_helmet":2,"blockarmor:dispenser_chestplate":1,"blockarmor:netherrack_chestplate":1,"blockarmor:ice_chestplate":1,"blockarmor:respawn_anchor_helmet":1,"minecraft:string":2,"blockarmor:crying_obsidian_leggings":1,"blockarmor:glowstone_helmet":1,"blockarmor:red_mushroom_block_helmet":1,"blockarmor:enchanting_table_boots":1,"blockarmor:soul_soil_leggings":1,"wings:dragon_wings_bottle":1,"minecraft:purpur_pillar":10,"blockarmor:bedrock_boots":2,"blockarmor:grass_block_helmet":1,"blockarmor:glowstone_chestplate":1,"projectex:arcane_tablet":1,"blockarmor:command_block_helmet":2,"minecraft:obsidian":64,"blockarmor:snow_block_chestplate":1,"minecraft:rotten_flesh":2,"blockarmor:command_block_chestplate":2,"blockarmor:chain_command_block_helmet":1,"blockarmor:soul_sand_helmet":1,"thermal:strawberry_seeds":1,"blockarmor:bedrock_leggings":2,"blockarmor:granite_chestplate":1,"projecte:gem_leggings":2,"minecraft:flint_and_steel":1,"blockarmor:witherproof_glass_boots":2,"blockarmor:soul_soil_boots":1,"projecte:gem_chestplate":2,"minecraft:poppy":5,"minecraft:red_mushroom_block":40,"blockarmor:obsidian_boots":1,"blockarmor:jukebox_chestplate":1,"projecte:rm_sword":1,"minecraft:stone":144,"blockarmor:ender_slime_leaves_helmet":1,"minecraft:gunpowder":4,"minecraft:iron_chestplate":1,"blockarmor:glass_chestplate":1,"minecraft:andesite":13,"mysticalagriculture:inferium_essence":2,"blockarmor:chest_helmet":1,"minecraft:oak_sapling":6,"blockarmor:respawn_anchor_boots":1,"minecraft:iron_ore":6,"minecraft:iron_bars":1,"wings:bat_wings_bottle":1,"blockarmor:netherrack_helmet":1,"blockarmor:chest_boots":1,"blockarmor:enchanting_table_leggings":1,"blockarmor:bedrock_helmet":2,"minecraft:ghast_tear":3,"blockarmor:carved_pumpkin_leggings":1,"thermal:apatite_ore":2,"immersiveengineering:seed":1,"industrialforegoing:infinity_backpack":1,"minecraft:oak_leaves":52,"blockarmor:bedrock_chestplate":2,"minecraft:enchanting_table":1,"industrialforegoing:infinity_nuke":1},"minecraft:mined":{"minecraft:dark_oak_leaves":6,"minecraft:dark_oak_log":53,"minecraft:obsidian":16,"gravestone:gravestone":1,"minecraft:granite":38,"minecraft:grass_block":8,"minecraft:spawner":1,"minecraft:iron_ore":2,"minecraft:fire":3,"minecraft:andesite":13,"minecraft:iron_bars":1,"minecraft:stone":223,"tconstruct:copper_ore":10,"thermal:apatite_ore":2,"minecraft:crafting_table":1,"minecraft:poppy":5,"immersive_portals:portal_placeholder":6,"minecraft:purpur_pillar":36,"minecraft:diorite":10,"minecraft:grass":6,"apotheosis:pearl_endshelf":5,"minecraft:dirt":2,"minecraft:red_mushroom_block":45,"minecraft:stone_bricks":1,"minecraft:oak_leaves":56},"minecraft:used":{"wings:angel_wings_bottle":1,"minecraft:netherite_sword":7,"minecraft:enchanting_table":2,"minecraft:flint_and_steel":1,"wings:dragon_wings_bottle":2,"minecraft:stone":53,"minecraft:anvil":1,"minecraft:snowball":19,"minecraft:milk_bucket":1,"minecraft:obsidian":12,"minecraft:grass_block":14,"tconstruct:ender_ichor_slime_grass":6,"wings:bat_wings_bottle":2,"endergetic:poise_boat":2,"minecraft:netherite_pickaxe":581,"mob_grinding_utils:delightful_dirt":4,"minecraft:ender_pearl":1,"projecte:rm_sword":15,"apotheosis:pearl_endshelf":78,"minecraft:crafting_table":3,"projecte:rm_pick":2,"minecraft:ender_eye":12,"industrialforegoing:infinity_nuke":1,"industrialforegoing:infinity_trident":4},"minecraft:killed":{"minecraft:spider":1,"minecraft:shulker":1,"minecraft:ender_dragon":1,"minecraft:creeper":1,"minecraft:sheep":1,"minecraft:zombie":1,"minecraft:ghast":1,"minecraft:enderman":5},"minecraft:crafted":{"blockarmor:purpur_pillar_leggings":1,"blockarmor:grass_block_helmet":1,"blockarmor:purpur_pillar_helmet":1,"blockarmor:crafting_table_boots":1,"blockarmor:crafting_table_chestplate":1,"blockarmor:purpur_pillar_chestplate":1,"minecraft:dark_oak_planks":4,"blockarmor:crafting_table_leggings":1,"blockarmor:oak_leaves_boots":1,"minecraft:crafting_table":1,"blockarmor:purpur_pillar_boots":1,"blockarmor:ender_slime_leaves_helmet":1,"blockarmor:red_mushroom_block_helmet":1,"blockarmor:crafting_table_helmet":1,"blockarmor:granite_chestplate":1,"blockarmor:dirt_helmet":1},"minecraft:custom":{"minecraft:mob_kills":13,"minecraft:interact_with_anvil":1,"minecraft:interact_with_crafting_table":12,"minecraft:leave_game":3,"minecraft:time_since_death":55612,"minecraft:sprint_one_cm":124603,"minecraft:walk_one_cm":299314,"minecraft:drop":219,"minecraft:deaths":3,"minecraft:sneak_time":837,"minecraft:walk_under_water_one_cm":253,"minecraft:boat_one_cm":6234,"minecraft:jump":457,"minecraft:walk_on_water_one_cm":6825,"minecraft:enchant_item":2,"minecraft:play_one_minute":206904,"minecraft:time_since_rest":55724,"minecraft:damage_taken":1458,"minecraft:damage_dealt":2383,"minecraft:fly_one_cm":2497734,"minecraft:crouch_one_cm":1107,"minecraft:fall_one_cm":1028}},"DataVersion":2586}