{"stats":{"minecraft:custom":{"minecraft:interact_with_furnace":7,"minecraft:mob_kills":1,"minecraft:interact_with_crafting_table":19,"minecraft:play_one_minute":232645,"minecraft:leave_game":5,"minecraft:time_since_death":13307,"minecraft:climb_one_cm":3161,"minecraft:time_since_rest":13497,"minecraft:sprint_one_cm":124297,"minecraft:damage_taken":2550,"minecraft:walk_one_cm":420901,"minecraft:drop":15,"minecraft:damage_dealt":437,"minecraft:fly_one_cm":564207,"minecraft:player_kills":2,"minecraft:open_chest":2,"minecraft:crouch_one_cm":15102,"minecraft:deaths":11,"minecraft:sneak_time":3393,"minecraft:walk_under_water_one_cm":236,"minecraft:aviate_one_cm":21194,"minecraft:jump":576,"minecraft:walk_on_water_one_cm":93,"minecraft:fall_one_cm":19894},"minecraft:killed_by":{"minecraft:player":1,"minecraft:skeleton":2},"minecraft:broken":{"minecraft:wooden_pickaxe":2},"minecraft:dropped":{"minecraft:oak_log":2,"blockcarpentry:frameblock":1,"minecraft:elytra":1,"wings:fire_wings_bottle":1,"extendedcrafting:singularity":5,"minecraft:dirt":1,"minecraft:stone":6,"tconstruct:materials_and_you":1,"theoneprobe:probenote":1},"minecraft:used":{"minecraft:stone_pickaxe":108,"minecraft:chest":1,"minecraft:wooden_pickaxe":118,"minecraft:stone":13,"blockcarpentry:frameblock":2,"minecraft:dirt":64,"wings:fire_wings_bottle":1,"minecraft:dark_oak_log":14,"minecraft:wooden_sword":9,"minecraft:cobblestone":32,"minecraft:furnace":1},"minecraft:mined":{"minecraft:dark_oak_leaves":5,"minecraft:dark_oak_log":137,"thermal:apatite_ore":1,"gravestone:gravestone":2,"minecraft:granite":14,"minecraft:grass_block":95,"minecraft:diorite":9,"minecraft:iron_ore":7,"minecraft:andesite":55,"chisel:marble/raw":2,"minecraft:oak_log":4,"minecraft:coal_ore":15,"thermal:copper_ore":8,"minecraft:gravel":1,"minecraft:dirt":417,"minecraft:stone":114,"minecraft:oak_leaves":6},"minecraft:picked_up":{"minecraft:andesite":5,"minecraft:oak_log":6,"minecraft:dirt":512,"thermal:copper_ore":8,"minecraft:iron_ingot":14,"minecraft:iron_ore":7,"minecraft:iron_nugget":8,"minecraft:oak_planks":4,"minecraft:dark_oak_sapling":8,"minecraft:stick":11,"minecraft:stone":2,"chisel:marble/raw":2,"minecraft:gravel":2,"blockarmor:oak_leaves_helmet":1,"minecraft:diorite":7,"minecraft:dark_oak_log":137,"thermal:apatite":8,"minecraft:rotten_flesh":2,"immersiveengineering:seed":2,"minecraft:granite":14,"blockarmor:crafting_table_boots":1,"minecraft:coal":14,"minecraft:cobblestone":113},"minecraft:crafted":{"minecraft:wooden_sword":3,"minecraft:oak_planks":16,"minecraft:iron_nugget":5,"minecraft:wooden_pickaxe":2,"minecraft:furnace":1,"minecraft:stick":12,"minecraft:iron_ingot":7,"minecraft:stone_pickaxe":2,"minecraft:chest":1,"minecraft:dark_oak_planks":80}},"DataVersion":2586}