{"stats":{"minecraft:crafted":{"minecraft:smooth_stone":64,"minecraft:oak_planks":20,"minecraft:chest":2,"minecraft:crafting_table":14,"minecraft:wooden_pickaxe":2,"minecraft:stick":12,"minecraft:iron_ingot":8,"minecraft:shears":2,"minecraft:oak_door":3,"tconstruct:pattern":3,"create:copper_ingot":1,"exnihilosequentia:chunk_lead":1,"minecraft:furnace":2,"blockarmor:crafting_table_boots":2,"minecraft:stone_pickaxe":4,"minecraft:dark_oak_planks":280,"blockarmor:oak_leaves_helmet":2,"minecraft:iron_sword":1,"minecraft:bucket":1,"minecraft:air":0,"betterendforge:aeternium_hammer":1,"thermal:lead_ingot":1,"tconstruct:crafting_station":1},"minecraft:mined":{"thermal:tin_ore":2,"minecraft:granite":20,"minecraft:grass_block":97,"minecraft:iron_ore":16,"minecraft:polished_andesite_stairs":59,"minecraft:mushroom_stem":9,"minecraft:cobblestone":1,"minecraft:oak_log":5,"minecraft:dirt":284,"tconstruct:crafting_station":1,"minecraft:red_mushroom_block":72,"minecraft:oak_leaves":115,"minecraft:dark_oak_leaves":4,"minecraft:dark_oak_log":70,"gravestone:gravestone":2,"minecraft:furnace":2,"minecraft:andesite":14,"chisel:marble/raw":2,"minecraft:stone":297,"minecraft:crafting_table":1,"minecraft:diorite":14,"minecraft:coal_ore":22,"minecraft:cracked_stone_bricks":2,"minecraft:polished_andesite":5},"minecraft:killed_by":{"minecraft:player":2,"minecraft:skeleton":3},"minecraft:picked_up":{"refinedstorage:creative_storage_disk":1,"minecraft:string":7,"colossal_battery:battery_wall_ultimate":4,"mysticalagriculture:inferium_essence":6,"minecraft:gold_nugget":7,"minecraft:furnace":4,"minecraft:stick":9,"minecraft:torch":3,"minecraft:diorite":13,"minecraft:rotten_flesh":21,"minecraft:cobblestone":170,"appliedenergistics2:encoded_pattern":1,"minecraft:andesite":17,"minecraft:dirt":229,"create:copper_ingot":1,"minecraft:bone":8,"chisel:antiblock/lime":1,"minecraft:grass_block":1,"minecraft:dark_oak_log":70,"minecraft:polished_andesite":5,"thermal:tin_ore":2,"darkutils:vector_plate":2,"minecraft:granite":17,"minecraft:golden_apple":1,"minecraft:spruce_button":6,"minecraft:oak_sapling":6,"colossal_battery:battery_wall_mek_basic":2,"minecraft:oak_leaves":54,"minecraft:crafting_table":1,"tconstruct:crafting_station":1,"minecraft:diamond_horse_armor":1,"colossal_battery:battery_wall_iron":1,"immersiveengineering:ingot_aluminum":8439,"ironfurnaces:rainbow_coal":2,"minecraft:cracked_stone_bricks":2,"minecraft:beef":1,"minecraft:iron_nugget":9,"minecraft:poppy":3,"minecraft:dark_oak_sapling":6,"minecraft:stone":42,"minecraft:dark_oak_planks":98,"minecraft:arrow":11,"colossal_battery:battery_wall_copper":2,"chisel:glowstone/extra/neon":3,"minecraft:mutton":1,"minecraft:rail":4,"minecraft:oak_log":5,"minecraft:gunpowder":4,"pipez:infinity_upgrade":2,"extendedcrafting:singularity":5,"darkutils:vector_plate_extreme":1,"minecraft:red_nether_brick_stairs":1,"minecraft:apple":1,"minecraft:iron_ore":16,"minecraft:polished_andesite_stairs":59,"chisel:marble/raw":1,"refinedstorage:pattern":1,"blue_skies:ventium_ingot":1,"minecraft:iron_helmet":1,"minecraft:coal":22,"minecraft:ender_pearl":1},"minecraft:used":{"mysticalagriculture:supremium_furnace":1,"colossal_battery:battery_inner_material_mek_ultimate":29,"refinedstorage:wrench":7,"minecraft:chest":10,"minecraft:shield":50,"minecraft:stone":2644,"minecraft:iron_sword":35,"appliedenergistics2:white_smart_cable":13,"refinedstorage:crafting_monitor":1,"minecraft:red_nether_brick_stairs":1,"minecraft:rotten_flesh":3,"create:mechanical_bearing":3,"extrastorage:netherite_crafter":3,"refinedstorage:blue_crafting_monitor":1,"minecraft:nether_bricks":7,"projecte:rm_furnace":2,"minecraft:milk_bucket":1,"refinedstorage:crafter_manager":1,"blockcarpentry:illusion_chest":1,"chisel:factory/frameblue":4,"minecraft:coal_ore":1,"darkutils:filter_player":14,"create_stuff_additions:nixie_lamp":2,"minecraft:grass_block":4,"constructionwand:infinity_wand":193,"chisel:glowstone/extra/neon":22,"refinedstorage:external_storage":2,"appliedenergistics2:64k_crafting_storage":82,"ftbquests:detector":2,"refinedstorage:importer":2,"chisel:marble/raw":9,"chisel:antiblock/lime":138,"minecraft:repeater":22,"wings:bat_wings_bottle":2,"pipez:item_pipe":2,"minecraft:oak_sapling":2,"minecraft:furnace":13,"colossal_battery:battery_wall_mek_elite":9,"refinedstorage:disk_drive":2,"colossal_battery:battery_inner_material_mek_basic":82,"extendedcrafting:ultimate_table":1,"blockcarpentry:frame_bed":2,"minecraft:dark_oak_sapling":3,"minecraft:diorite":26,"minecraft:stone_pickaxe":399,"colossal_battery:battery_wall_obsidian":29,"minecraft:wooden_pickaxe":75,"blockcarpentry:frameblock":23,"minecraft:oak_leaves":4,"minecraft:golden_apple":1,"darkutils:redstone_randomizer":2,"refinedstorage:blue_creative_controller":1,"darkutils:shielded_redstone":4,"minecraft:loom":1,"colossal_battery:battery_inner_tier_advanced":3,"appliedenergistics2:import_bus":1,"minecraft:shears":54,"minecraft:creeper_spawn_egg":3,"minecraft:redstone_torch":14,"darkutils:import_plate_extreme":3,"blockcarpentry:frame_door":6,"darkutils:export_plate":3,"rslargepatterns:large_pattern_encoder":1,"darkutils:vector_plate":25,"refinedstorage:blue_crafting_grid":1,"darkutils:filter_water":7,"colossal_battery:battery_interface":15,"minecraft:smithing_table":2,"tconstruct:crafting_station":1,"minecraft:andesite":160,"minecraft:bone_meal":38,"blockcarpentry:frame_slope":10,"storagedrawers:oak_full_drawers_1":3,"minecraft:redstone":38,"darkutils:export_plate_extreme":3,"minecraft:oak_door":2,"refinedstorage:creative_controller":1,"blockcarpentry:frame_ladder":3,"ironchest:diamond_chest":2,"minecraft:torch":3,"minecraft:dirt":227,"colossal_battery:battery_wall_ultimate":219,"darkutils:vector_plate_extreme":17,"extrastorage:advanced_importer":2,"minecraft:hopper":1,"appliedenergistics2:crafting_accelerator":40,"minecraft:nether_brick_stairs":7,"colossal_battery:battery_inner_tier_ultimate":34,"appliedenergistics2:controller":1,"minecraft:dark_oak_planks":120,"colossal_battery:battery_inner_tier_basic":7,"colossal_battery:battery_wall_copper":59,"refinedstorage:blue_pattern_grid":1,"minecraft:spruce_button":8,"blockcarpentry:illusion_door":1,"create:creative_motor":6,"refinedstorage:interface":1,"darkutils:import_plate":4,"colossal_battery:battery_core":18,"minecraft:beef":1,"refinedstorage:crafter":1,"mob_grinding_utils:null_sword":6,"betterendforge:aeternium_hammer":1,"minecraft:water_bucket":9,"powah:energy_cell_basic":4,"powah:energy_hopper_nitro":2,"minecraft:polished_andesite":1,"minecraft:red_nether_bricks":10,"kubejs:new_block":1,"blockcarpentry:frame_chest":2,"appliedenergistics2:storage_bus":2,"minecraft:cracked_stone_bricks":2,"blockcarpentry:illusion_carpet":1,"minecraft:comparator":3,"minecraft:crafting_table":6,"refinedstorage:pattern_grid":1,"ironfurnaces:million_furnace":1,"wings:evil_wings_bottle":1,"minecraft:piston":1,"refinedstorage:cable":11,"colossal_battery:battery_wall_mek_basic":206,"ironfurnaces:netherite_furnace":1,"blockcarpentry:frame_trapdoor":11,"blockcarpentry:illusion_pane":8,"appliedenergistics2:interface":3,"extendedcrafting:compressor":1,"refinedstorage:crafting_grid":1,"blockcarpentry:frame_fence_gate":1,"extendedcrafting:ultimate_auto_table":1,"minecraft:cobblestone":12,"minecraft:potion":2,"minecraft:white_banner":1,"powah:energy_cell_creative":6,"minecraft:bucket":8,"tconstruct:clear_item_frame":1,"storagedrawers:drawer_key":5,"colossal_battery:battery_wall_iron":24},"minecraft:custom":{"minecraft:interact_with_crafting_table":9,"minecraft:eat_cake_slice":7,"minecraft:leave_game":20,"minecraft:time_since_death":210084,"minecraft:sprint_one_cm":244117,"minecraft:damage_blocked_by_shield":2190,"minecraft:drop":464,"minecraft:deaths":10,"minecraft:jump":915,"minecraft:walk_on_water_one_cm":1564,"minecraft:interact_with_furnace":37,"minecraft:play_one_minute":1462729,"minecraft:interact_with_loom":2,"minecraft:damage_dealt":2821,"minecraft:player_kills":1,"minecraft:crouch_one_cm":80359,"minecraft:interact_with_smithing_table":3,"minecraft:mob_kills":16,"minecraft:inspect_hopper":1,"minecraft:items_inserted":64,"minecraft:climb_one_cm":4605,"minecraft:walk_one_cm":789905,"minecraft:sneak_time":21267,"minecraft:walk_under_water_one_cm":3262,"minecraft:items_extracted":192,"minecraft:time_since_rest":210112,"minecraft:damage_taken":2454,"minecraft:damage_absorbed":34,"minecraft:use_wand":2352,"minecraft:fly_one_cm":941461,"minecraft:open_chest":82,"minecraft:fall_one_cm":29296},"minecraft:broken":{"minecraft:stone_pickaxe":2,"minecraft:wooden_pickaxe":1},"minecraft:dropped":{"minecraft:nether_brick_stairs":1,"minecraft:piston":1,"create:copper_ingot":3,"chisel:marble/raw":1,"colossal_battery:battery_core":1,"minecraft:loom":1,"powah:energy_hopper_nitro":1,"minecraft:ender_pearl":1,"minecraft:crafting_table":5,"minecraft:dark_oak_sapling":7,"blockcarpentry:illusion_door":1,"tconstruct:clear_item_frame":1,"appliedenergistics2:pattern_terminal":1,"projecte:rm_furnace":1,"minecraft:bedrock":64,"appliedenergistics2:controller":1,"refinedstorage:cable":4,"appliedenergistics2:encoded_pattern":1,"minecraft:dirt":149,"colossal_battery:battery_wall_copper":4,"blockcarpentry:chisel":1,"darkutils:vector_plate":2,"mysticalagradditions:creative_essence":1,"blockarmor:acacia_leaves_helmet":2,"darkutils:filter_player":1,"appliedenergistics2:64k_crafting_storage":1,"gravestone:obituary":14,"minecraft:bone_meal":1,"blockarmor:battery_wall_ultimate_chestplate":2,"betterendforge:aeternium_hammer":1,"refinedstorage:crafting_grid":1,"extendedcrafting:ultimate_table":1,"refinedstorage:pattern":1,"refinedstorage:disk_drive":1,"mob_grinding_utils:null_sword":1,"ftbquests:book":1,"appliedenergistics2:crafting_terminal":1,"minecraft:oak_door":67,"minecraft:bone":1,"refinedstorage:interface":1,"refinedstorage:blue_creative_controller":1,"tconstruct:pattern":2,"colossal_battery:battery_inner_tier_basic":3,"thermal:tin_ore":2,"appliedenergistics2:storage_bus":2,"blockcarpentry:frame_fence_gate":1,"darkutils:vector_plate_banner_pattern":1,"extrastorage:netherite_crafter":1,"minecraft:oak_planks":59,"powah:energy_cell_basic":3,"mysticalagriculture:supremium_sword":1,"create:mechanical_bearing":1,"ftbquests:detector":2,"appliedenergistics2:import_bus":1,"blockcarpentry:frame_door":2,"projecte:alchemical_coal":1,"blockcarpentry:hammer":1,"create:creative_motor":2,"minecraft:gunpowder":3,"ironfurnaces:rainbow_coal":2,"blockarmor:acacia_leaves_boots":1,"appliedenergistics2:interface":1,"ftbquests:custom_icon":1,"mysticalagriculture:inferium_essence":1,"minecraft:hopper":1,"immersiveengineering:ingot_aluminum":3584,"minecraft:chest":5,"minecraft:red_nether_bricks":1,"minecraft:arrow":7,"blockcarpentry:frame_trapdoor":1,"minecraft:oak_leaves":1,"refinedstorage:crafter_manager":1,"minecraft:stone_hoe":1,"minecraft:water_bucket":2,"blue_skies:different_sword":1,"ironfurnaces:million_furnace":1,"appliedenergistics2:crafting_accelerator":1,"ironchest:diamond_chest":1,"colossal_battery:battery_interface":1,"colossal_battery:battery_inner_material_mek_basic":1,"minecraft:smithing_table":2,"blockcarpentry:paintbrush":1,"minecraft:creeper_spawn_egg":1,"extendedcrafting:ultimate_auto_table":1,"minecraft:cobblestone":6,"blockarmor:battery_wall_ultimate_leggings":2,"blockcarpentry:illusion_chest":1,"blockcarpentry:illusion_carpet":1,"wings:evil_wings_bottle":1,"blockarmor:crafting_table_boots":1,"blockcarpentry:frameblock":8,"minecraft:apple":1,"refinedstorage:crafting_monitor":1,"minecraft:granite":17,"minecraft:spruce_button":7,"colossal_battery:battery_wall_ultimate":4,"blue_skies:ventium_ingot":1,"minecraft:grass_block":2,"extendedcrafting:singularity":5,"minecraft:coal_block":64,"blockcarpentry:frame_chest":1,"minecraft:stick":3,"minecraft:polished_andesite":4,"refinedstorage:creative_storage_disk":1,"storagedrawers:oak_full_drawers_1":3,"blockarmor:acacia_leaves_chestplate":1,"refinedstorage:speed_upgrade":3,"ironfurnaces:netherite_furnace":1,"minecraft:diorite":12,"darkutils:import_plate_extreme":1,"minecraft:milk_bucket":1,"thermal:lead_ingot":1,"projecte:aeternalis_fuel":64,"thermal:copper_ore":1,"minecraft:torch":2,"blockcarpentry:frame_ladder":1,"minecraft:repeater":2,"refinedstorage:external_storage":2,"tconstruct:crafting_station":1,"darkutils:filter_water":1,"minecraft:white_banner":1,"extendedcrafting:compressor":1,"refinedstorage:blue_crafting_monitor":1,"minecraft:smooth_stone":193,"minecraft:string":7,"colossal_battery:battery_inner_tier_advanced":1,"minecraft:redstone":2,"blockcarpentry:texture_wrench":1,"minecraft:furnace":9,"blockarmor:oak_leaves_helmet":1,"create_stuff_additions:nixie_lamp":1,"blockarmor:acacia_leaves_leggings":1,"powah:energy_cell_creative":3,"thermal:copper_ingot":1,"darkutils:export_plate_extreme":1,"blockcarpentry:illusion_pane":1,"kubejs:dummy_fluid_item":1,"rslargepatterns:large_pattern":1,"refinedstorage:wrench":1,"darkutils:shielded_redstone":1,"darkutils:vector_plate_extreme":2,"extrastorage:advanced_importer":2,"minecraft:comparator":2,"powah:energy_cell_nitro":2,"refinedstorage:pattern_grid":1,"blockarmor:battery_wall_ultimate_helmet":2,"rslargepatterns:large_pattern_encoder":1,"minecraft:nether_bricks":1,"chisel:glowstone/extra/neon":8,"minecraft:red_nether_brick_stairs":2,"darkutils:redstone_randomizer":1,"projecte:rm_sword":1,"pipez:item_pipe":3,"minecraft:stone":914,"constructionwand:infinity_wand":7,"appliedenergistics2:white_smart_cable":3,"minecraft:andesite":20,"chisel:antiblock/lime":2,"minecraft:oak_sapling":3,"colossal_battery:battery_wall_mek_basic":4,"storagedrawers:drawer_key":3,"minecraft:redstone_torch":3,"blockcarpentry:frame_bed":1,"blockcarpentry:frame_slope":1,"refinedstorage:crafter":1,"wings:bat_wings_bottle":1,"chisel:factory/frameblue":1,"pipez:infinity_upgrade":4,"minecraft:stone_pickaxe":1,"minecraft:wooden_pickaxe":1,"colossal_battery:battery_wall_iron":2,"blockarmor:battery_wall_ultimate_boots":2,"storagedrawers:creative_vending_upgrade":899,"refinedstorage:blue_pattern_grid":1,"pipez:wrench":4,"colossal_battery:battery_inner_tier_ultimate":2},"minecraft:killed":{"minecraft:spider":1,"minecraft:skeleton":3,"minecraft:creeper":3,"minecraft:zombie":2,"minecraft:cow":1,"minecraft:enderman":1}},"DataVersion":2586}