{"stats":{"minecraft:dropped":{"theoneprobe:probenote":1,"blockcarpentry:frameblock":1,"minecraft:stone":5,"tconstruct:materials_and_you":1,"minecraft:elytra":1,"wings:fire_wings_bottle":1},"minecraft:custom":{"minecraft:time_since_rest":109767,"minecraft:crouch_one_cm":9648,"minecraft:play_one_minute":109767,"minecraft:sprint_one_cm":35820,"minecraft:damage_taken":20,"minecraft:walk_one_cm":174615,"minecraft:sneak_time":2285,"minecraft:walk_under_water_one_cm":236,"minecraft:drop":10,"minecraft:aviate_one_cm":21194,"minecraft:jump":143,"minecraft:damage_dealt":108,"minecraft:leave_game":2,"minecraft:walk_on_water_one_cm":93,"minecraft:time_since_death":109767,"minecraft:fall_one_cm":482,"minecraft:fly_one_cm":532364},"minecraft:mined":{"minecraft:dark_oak_log":2},"minecraft:used":{"blockcarpentry:frameblock":2,"wings:fire_wings_bottle":1,"minecraft:dark_oak_log":2,"minecraft:stone":12},"minecraft:picked_up":{"minecraft:stone":2,"minecraft:dark_oak_log":2}},"DataVersion":2586}