{"stats":{"minecraft:dropped":{"minecraft:water_bucket":2,"blue_skies:different_sword":1,"create:copper_ingot":3,"ironfurnaces:million_furnace":1,"minecraft:piston":1,"appliedenergistics2:crafting_accelerator":1,"ironchest:diamond_chest":1,"chisel:marble/raw":1,"minecraft:smithing_table":2,"powah:energy_hopper_nitro":1,"minecraft:loom":1,"colossal_battery:battery_interface":1,"colossal_battery:battery_core":1,"minecraft:ender_pearl":1,"colossal_battery:battery_inner_material_mek_basic":1,"blockcarpentry:paintbrush":1,"minecraft:dark_oak_sapling":1,"minecraft:creeper_spawn_egg":1,"blockcarpentry:illusion_door":1,"blockarmor:battery_wall_ultimate_leggings":2,"blockcarpentry:illusion_chest":1,"blockcarpentry:illusion_carpet":1,"tconstruct:clear_item_frame":1,"blockcarpentry:frameblock":6,"refinedstorage:crafting_monitor":1,"wings:evil_wings_bottle":1,"minecraft:spruce_button":7,"appliedenergistics2:pattern_terminal":1,"colossal_battery:battery_wall_ultimate":4,"projecte:rm_furnace":1,"minecraft:bedrock":64,"minecraft:grass_block":2,"appliedenergistics2:controller":1,"refinedstorage:cable":4,"appliedenergistics2:encoded_pattern":1,"blockcarpentry:frame_chest":1,"refinedstorage:creative_storage_disk":1,"storagedrawers:oak_full_drawers_1":3,"refinedstorage:speed_upgrade":3,"ironfurnaces:netherite_furnace":1,"colossal_battery:battery_wall_copper":4,"darkutils:import_plate_extreme":1,"minecraft:milk_bucket":1,"projecte:aeternalis_fuel":64,"thermal:copper_ore":1,"minecraft:torch":2,"refinedstorage:external_storage":2,"minecraft:repeater":2,"blockcarpentry:frame_ladder":1,"blockcarpentry:chisel":1,"darkutils:vector_plate":2,"darkutils:filter_water":1,"mysticalagradditions:creative_essence":1,"appliedenergistics2:64k_crafting_storage":1,"darkutils:filter_player":1,"blockarmor:battery_wall_ultimate_chestplate":2,"minecraft:bone_meal":1,"minecraft:white_banner":1,"betterendforge:aeternium_hammer":1,"refinedstorage:crafting_grid":1,"extendedcrafting:compressor":1,"refinedstorage:blue_crafting_monitor":1,"minecraft:smooth_stone":193,"refinedstorage:disk_drive":1,"refinedstorage:pattern":1,"mob_grinding_utils:null_sword":1,"ftbquests:book":1,"appliedenergistics2:crafting_terminal":1,"colossal_battery:battery_inner_tier_advanced":1,"blockcarpentry:texture_wrench":1,"minecraft:redstone":2,"refinedstorage:blue_creative_controller":1,"refinedstorage:interface":1,"colossal_battery:battery_inner_tier_basic":3,"create_stuff_additions:nixie_lamp":1,"appliedenergistics2:storage_bus":2,"blockcarpentry:frame_fence_gate":1,"powah:energy_cell_creative":3,"thermal:copper_ingot":1,"darkutils:export_plate_extreme":1,"blockcarpentry:illusion_pane":1,"rslargepatterns:large_pattern":1,"kubejs:dummy_fluid_item":1,"darkutils:vector_plate_banner_pattern":1,"refinedstorage:wrench":1,"minecraft:comparator":2,"extrastorage:netherite_crafter":1,"extrastorage:advanced_importer":2,"darkutils:shielded_redstone":1,"darkutils:vector_plate_extreme":2,"powah:energy_cell_basic":3,"refinedstorage:pattern_grid":1,"blockarmor:battery_wall_ultimate_helmet":2,"mysticalagriculture:supremium_sword":1,"rslargepatterns:large_pattern_encoder":1,"create:mechanical_bearing":1,"ftbquests:detector":2,"chisel:glowstone/extra/neon":7,"appliedenergistics2:import_bus":1,"blockcarpentry:frame_door":2,"projecte:alchemical_coal":1,"darkutils:redstone_randomizer":1,"pipez:item_pipe":3,"projecte:rm_sword":1,"minecraft:stone":909,"blockcarpentry:hammer":1,"minecraft:gunpowder":3,"create:creative_motor":2,"constructionwand:infinity_wand":6,"ironfurnaces:rainbow_coal":2,"appliedenergistics2:interface":1,"mysticalagriculture:inferium_essence":1,"ftbquests:custom_icon":1,"minecraft:andesite":9,"appliedenergistics2:white_smart_cable":3,"minecraft:hopper":1,"chisel:antiblock/lime":2,"immersiveengineering:ingot_aluminum":3584,"minecraft:chest":3,"colossal_battery:battery_wall_mek_basic":4,"storagedrawers:drawer_key":3,"minecraft:redstone_torch":1,"blockcarpentry:frame_bed":1,"blockcarpentry:frame_slope":1,"refinedstorage:crafter":1,"chisel:factory/frameblue":1,"wings:bat_wings_bottle":1,"pipez:infinity_upgrade":4,"blockcarpentry:frame_trapdoor":1,"colossal_battery:battery_wall_iron":2,"blockarmor:battery_wall_ultimate_boots":2,"pipez:wrench":4,"storagedrawers:creative_vending_upgrade":899,"refinedstorage:blue_pattern_grid":1,"minecraft:oak_leaves":1,"colossal_battery:battery_inner_tier_ultimate":2,"refinedstorage:crafter_manager":1},"minecraft:custom":{"minecraft:interact_with_smithing_table":3,"minecraft:mob_kills":4,"minecraft:inspect_hopper":1,"minecraft:interact_with_crafting_table":4,"minecraft:items_inserted":64,"minecraft:leave_game":11,"minecraft:time_since_death":1142401,"minecraft:climb_one_cm":264,"minecraft:sprint_one_cm":50164,"minecraft:walk_one_cm":494368,"minecraft:drop":361,"minecraft:sneak_time":5731,"minecraft:walk_under_water_one_cm":1240,"minecraft:jump":253,"minecraft:walk_on_water_one_cm":996,"minecraft:interact_with_furnace":15,"minecraft:items_extracted":192,"minecraft:play_one_minute":1142401,"minecraft:interact_with_loom":2,"minecraft:time_since_rest":1142401,"minecraft:use_wand":2352,"minecraft:damage_dealt":960,"minecraft:fly_one_cm":660430,"minecraft:open_chest":17,"minecraft:crouch_one_cm":11985},"minecraft:killed":{"minecraft:creeper":3,"minecraft:enderman":1},"minecraft:mined":{"minecraft:stone":1},"minecraft:used":{"blockcarpentry:frame_slope":10,"storagedrawers:oak_full_drawers_1":3,"refinedstorage:wrench":7,"mysticalagriculture:supremium_furnace":1,"minecraft:redstone":38,"colossal_battery:battery_inner_material_mek_ultimate":29,"minecraft:chest":3,"minecraft:stone":2633,"appliedenergistics2:white_smart_cable":13,"refinedstorage:crafting_monitor":1,"darkutils:export_plate_extreme":3,"refinedstorage:creative_controller":1,"create:mechanical_bearing":3,"blockcarpentry:frame_ladder":3,"minecraft:torch":3,"ironchest:diamond_chest":2,"minecraft:dirt":56,"extrastorage:netherite_crafter":3,"colossal_battery:battery_wall_ultimate":219,"darkutils:vector_plate_extreme":17,"extrastorage:advanced_importer":2,"minecraft:hopper":1,"refinedstorage:blue_crafting_monitor":1,"appliedenergistics2:crafting_accelerator":40,"projecte:rm_furnace":2,"colossal_battery:battery_inner_tier_ultimate":34,"minecraft:milk_bucket":1,"appliedenergistics2:controller":1,"refinedstorage:crafter_manager":1,"blockcarpentry:illusion_chest":1,"colossal_battery:battery_inner_tier_basic":7,"chisel:factory/frameblue":4,"minecraft:coal_ore":1,"colossal_battery:battery_wall_copper":59,"darkutils:filter_player":14,"refinedstorage:blue_pattern_grid":1,"minecraft:grass_block":4,"create_stuff_additions:nixie_lamp":2,"constructionwand:infinity_wand":193,"minecraft:spruce_button":8,"chisel:glowstone/extra/neon":21,"refinedstorage:external_storage":2,"ftbquests:detector":2,"appliedenergistics2:64k_crafting_storage":82,"refinedstorage:importer":2,"create:creative_motor":6,"blockcarpentry:illusion_door":1,"chisel:marble/raw":9,"chisel:antiblock/lime":138,"refinedstorage:interface":1,"darkutils:import_plate":4,"minecraft:repeater":22,"colossal_battery:battery_core":18,"refinedstorage:crafter":1,"wings:bat_wings_bottle":2,"pipez:item_pipe":2,"mob_grinding_utils:null_sword":6,"colossal_battery:battery_wall_mek_elite":9,"betterendforge:aeternium_hammer":1,"refinedstorage:disk_drive":2,"colossal_battery:battery_inner_material_mek_basic":82,"minecraft:dark_oak_sapling":3,"blockcarpentry:frame_bed":2,"minecraft:water_bucket":7,"minecraft:diorite":25,"powah:energy_cell_basic":4,"powah:energy_hopper_nitro":2,"colossal_battery:battery_wall_obsidian":29,"blockcarpentry:frame_chest":2,"minecraft:oak_leaves":4,"blockcarpentry:frameblock":22,"appliedenergistics2:storage_bus":2,"darkutils:redstone_randomizer":2,"blockcarpentry:illusion_carpet":1,"refinedstorage:blue_creative_controller":1,"darkutils:shielded_redstone":4,"minecraft:comparator":3,"minecraft:crafting_table":2,"refinedstorage:pattern_grid":1,"minecraft:loom":1,"colossal_battery:battery_inner_tier_advanced":3,"appliedenergistics2:import_bus":1,"ironfurnaces:million_furnace":1,"wings:evil_wings_bottle":1,"minecraft:creeper_spawn_egg":3,"minecraft:redstone_torch":12,"minecraft:piston":1,"darkutils:import_plate_extreme":3,"refinedstorage:cable":11,"colossal_battery:battery_wall_mek_basic":206,"blockcarpentry:frame_door":6,"ironfurnaces:netherite_furnace":1,"blockcarpentry:frame_trapdoor":11,"blockcarpentry:illusion_pane":8,"darkutils:export_plate":3,"appliedenergistics2:interface":3,"extendedcrafting:compressor":1,"refinedstorage:crafting_grid":1,"blockcarpentry:frame_fence_gate":1,"rslargepatterns:large_pattern_encoder":1,"darkutils:vector_plate":25,"refinedstorage:blue_crafting_grid":1,"colossal_battery:battery_interface":15,"darkutils:filter_water":7,"minecraft:cobblestone":1,"minecraft:white_banner":1,"minecraft:smithing_table":2,"minecraft:andesite":157,"powah:energy_cell_creative":5,"minecraft:bucket":5,"tconstruct:clear_item_frame":1,"storagedrawers:drawer_key":5,"minecraft:bone_meal":38,"colossal_battery:battery_wall_iron":24},"minecraft:crafted":{"minecraft:smooth_stone":64,"create:copper_ingot":1,"minecraft:air":0,"betterendforge:aeternium_hammer":1},"minecraft:picked_up":{"refinedstorage:creative_storage_disk":1,"colossal_battery:battery_wall_iron":1,"immersiveengineering:ingot_aluminum":8439,"ironfurnaces:rainbow_coal":2,"colossal_battery:battery_wall_ultimate":4,"mysticalagriculture:inferium_essence":4,"minecraft:poppy":3,"minecraft:stone":41,"minecraft:torch":1,"minecraft:rotten_flesh":18,"minecraft:arrow":4,"colossal_battery:battery_wall_copper":2,"chisel:glowstone/extra/neon":3,"minecraft:cobblestone":1,"appliedenergistics2:encoded_pattern":1,"minecraft:andesite":3,"minecraft:gunpowder":4,"pipez:infinity_upgrade":2,"darkutils:vector_plate_extreme":1,"create:copper_ingot":1,"minecraft:bone":3,"chisel:antiblock/lime":1,"refinedstorage:pattern":1,"minecraft:grass_block":1,"darkutils:vector_plate":2,"minecraft:iron_helmet":1,"minecraft:spruce_button":6,"colossal_battery:battery_wall_mek_basic":2,"minecraft:ender_pearl":1}},"DataVersion":2586}