{"stats":{"minecraft:killed":{"minecraft:creeper":3,"minecraft:enderman":1},"minecraft:dropped":{"minecraft:water_bucket":2,"blue_skies:different_sword":1,"ironfurnaces:million_furnace":1,"create:copper_ingot":3,"appliedenergistics2:crafting_accelerator":1,"ironchest:diamond_chest":1,"minecraft:smithing_table":2,"powah:energy_hopper_nitro":1,"minecraft:loom":1,"colossal_battery:battery_interface":1,"colossal_battery:battery_core":1,"minecraft:ender_pearl":1,"colossal_battery:battery_inner_material_mek_basic":1,"minecraft:dark_oak_sapling":1,"minecraft:creeper_spawn_egg":1,"blockcarpentry:illusion_door":1,"blockarmor:battery_wall_ultimate_leggings":2,"refinedstorage:crafting_monitor":1,"blockcarpentry:frameblock":3,"appliedenergistics2:pattern_terminal":1,"colossal_battery:battery_wall_ultimate":4,"projecte:rm_furnace":1,"minecraft:bedrock":64,"minecraft:grass_block":2,"appliedenergistics2:controller":1,"refinedstorage:cable":4,"appliedenergistics2:encoded_pattern":1,"blockcarpentry:frame_chest":1,"refinedstorage:creative_storage_disk":1,"storagedrawers:oak_full_drawers_1":3,"refinedstorage:speed_upgrade":3,"ironfurnaces:netherite_furnace":1,"colossal_battery:battery_wall_copper":4,"darkutils:import_plate_extreme":1,"minecraft:milk_bucket":1,"projecte:aeternalis_fuel":64,"thermal:copper_ore":1,"refinedstorage:external_storage":2,"minecraft:repeater":2,"darkutils:vector_plate":2,"darkutils:filter_water":1,"mysticalagradditions:creative_essence":1,"appliedenergistics2:64k_crafting_storage":1,"darkutils:filter_player":1,"blockarmor:battery_wall_ultimate_chestplate":2,"minecraft:bone_meal":1,"betterendforge:aeternium_hammer":1,"minecraft:white_banner":1,"refinedstorage:crafting_grid":1,"extendedcrafting:compressor":1,"refinedstorage:blue_crafting_monitor":1,"minecraft:smooth_stone":193,"refinedstorage:disk_drive":1,"refinedstorage:pattern":1,"mob_grinding_utils:null_sword":1,"ftbquests:book":1,"appliedenergistics2:crafting_terminal":1,"colossal_battery:battery_inner_tier_advanced":1,"minecraft:redstone":2,"refinedstorage:blue_creative_controller":1,"refinedstorage:interface":1,"colossal_battery:battery_inner_tier_basic":3,"create_stuff_additions:nixie_lamp":1,"appliedenergistics2:storage_bus":2,"blockcarpentry:frame_fence_gate":1,"powah:energy_cell_creative":3,"thermal:copper_ingot":1,"darkutils:export_plate_extreme":1,"rslargepatterns:large_pattern":1,"darkutils:vector_plate_banner_pattern":1,"refinedstorage:wrench":1,"powah:energy_cell_basic":3,"extrastorage:netherite_crafter":1,"extrastorage:advanced_importer":2,"darkutils:shielded_redstone":1,"darkutils:vector_plate_extreme":2,"minecraft:comparator":2,"refinedstorage:pattern_grid":1,"mysticalagriculture:supremium_sword":1,"blockarmor:battery_wall_ultimate_helmet":2,"rslargepatterns:large_pattern_encoder":1,"ftbquests:detector":2,"chisel:glowstone/extra/neon":5,"appliedenergistics2:import_bus":1,"blockcarpentry:frame_door":2,"projecte:alchemical_coal":1,"darkutils:redstone_randomizer":1,"pipez:item_pipe":3,"projecte:rm_sword":1,"minecraft:stone":883,"constructionwand:infinity_wand":1,"create:creative_motor":1,"minecraft:gunpowder":3,"ironfurnaces:rainbow_coal":2,"ftbquests:custom_icon":1,"appliedenergistics2:interface":1,"appliedenergistics2:white_smart_cable":3,"mysticalagriculture:inferium_essence":1,"minecraft:andesite":9,"minecraft:hopper":1,"immersiveengineering:ingot_aluminum":3584,"minecraft:chest":3,"colossal_battery:battery_wall_mek_basic":4,"storagedrawers:drawer_key":3,"minecraft:redstone_torch":1,"blockcarpentry:frame_bed":1,"refinedstorage:crafter":1,"wings:bat_wings_bottle":1,"pipez:infinity_upgrade":4,"colossal_battery:battery_wall_iron":2,"blockcarpentry:frame_trapdoor":1,"blockarmor:battery_wall_ultimate_boots":2,"storagedrawers:creative_vending_upgrade":899,"pipez:wrench":4,"refinedstorage:blue_pattern_grid":1,"colossal_battery:battery_inner_tier_ultimate":2,"refinedstorage:crafter_manager":1},"minecraft:used":{"storagedrawers:oak_full_drawers_1":3,"mysticalagriculture:supremium_furnace":1,"refinedstorage:wrench":7,"minecraft:redstone":38,"colossal_battery:battery_inner_material_mek_ultimate":29,"minecraft:chest":3,"minecraft:stone":2474,"appliedenergistics2:white_smart_cable":13,"refinedstorage:crafting_monitor":1,"darkutils:export_plate_extreme":3,"refinedstorage:creative_controller":1,"minecraft:dirt":56,"ironchest:diamond_chest":2,"colossal_battery:battery_wall_ultimate":219,"extrastorage:netherite_crafter":3,"darkutils:vector_plate_extreme":17,"extrastorage:advanced_importer":2,"minecraft:hopper":1,"refinedstorage:blue_crafting_monitor":1,"appliedenergistics2:crafting_accelerator":40,"projecte:rm_furnace":2,"colossal_battery:battery_inner_tier_ultimate":34,"minecraft:milk_bucket":1,"appliedenergistics2:controller":1,"refinedstorage:crafter_manager":1,"colossal_battery:battery_inner_tier_basic":7,"minecraft:coal_ore":1,"colossal_battery:battery_wall_copper":59,"darkutils:filter_player":14,"constructionwand:infinity_wand":167,"create_stuff_additions:nixie_lamp":2,"minecraft:grass_block":4,"refinedstorage:blue_pattern_grid":1,"chisel:glowstone/extra/neon":13,"refinedstorage:external_storage":2,"ftbquests:detector":2,"appliedenergistics2:64k_crafting_storage":82,"refinedstorage:importer":2,"create:creative_motor":1,"blockcarpentry:illusion_door":1,"chisel:marble/raw":9,"refinedstorage:interface":1,"darkutils:import_plate":4,"minecraft:repeater":22,"colossal_battery:battery_core":18,"refinedstorage:crafter":1,"wings:bat_wings_bottle":2,"pipez:item_pipe":2,"mob_grinding_utils:null_sword":6,"colossal_battery:battery_wall_mek_elite":9,"refinedstorage:disk_drive":2,"betterendforge:aeternium_hammer":1,"colossal_battery:battery_inner_material_mek_basic":82,"minecraft:dark_oak_sapling":3,"blockcarpentry:frame_bed":2,"minecraft:water_bucket":7,"minecraft:diorite":25,"powah:energy_cell_basic":4,"powah:energy_hopper_nitro":2,"colossal_battery:battery_wall_obsidian":29,"blockcarpentry:frame_chest":2,"blockcarpentry:frameblock":13,"appliedenergistics2:storage_bus":2,"darkutils:redstone_randomizer":2,"refinedstorage:blue_creative_controller":1,"darkutils:shielded_redstone":4,"minecraft:comparator":3,"refinedstorage:pattern_grid":1,"minecraft:loom":1,"minecraft:crafting_table":2,"appliedenergistics2:import_bus":1,"colossal_battery:battery_inner_tier_advanced":3,"ironfurnaces:million_furnace":1,"minecraft:creeper_spawn_egg":3,"minecraft:redstone_torch":12,"darkutils:import_plate_extreme":3,"refinedstorage:cable":11,"colossal_battery:battery_wall_mek_basic":206,"blockcarpentry:frame_door":6,"blockcarpentry:frame_trapdoor":11,"ironfurnaces:netherite_furnace":1,"darkutils:export_plate":3,"appliedenergistics2:interface":3,"extendedcrafting:compressor":1,"refinedstorage:crafting_grid":1,"blockcarpentry:frame_fence_gate":1,"rslargepatterns:large_pattern_encoder":1,"darkutils:vector_plate":25,"refinedstorage:blue_crafting_grid":1,"colossal_battery:battery_interface":15,"darkutils:filter_water":7,"minecraft:cobblestone":1,"minecraft:white_banner":1,"minecraft:smithing_table":2,"minecraft:bucket":5,"powah:energy_cell_creative":5,"minecraft:andesite":157,"storagedrawers:drawer_key":5,"minecraft:bone_meal":38,"colossal_battery:battery_wall_iron":24},"minecraft:picked_up":{"refinedstorage:creative_storage_disk":1,"colossal_battery:battery_wall_iron":1,"immersiveengineering:ingot_aluminum":8439,"ironfurnaces:rainbow_coal":2,"colossal_battery:battery_wall_ultimate":4,"mysticalagriculture:inferium_essence":4,"minecraft:poppy":3,"minecraft:stone":23,"minecraft:rotten_flesh":18,"minecraft:arrow":4,"colossal_battery:battery_wall_copper":2,"chisel:glowstone/extra/neon":3,"minecraft:cobblestone":1,"appliedenergistics2:encoded_pattern":1,"minecraft:andesite":3,"minecraft:gunpowder":4,"pipez:infinity_upgrade":2,"darkutils:vector_plate_extreme":1,"create:copper_ingot":1,"minecraft:bone":3,"refinedstorage:pattern":1,"minecraft:grass_block":1,"darkutils:vector_plate":2,"minecraft:iron_helmet":1,"colossal_battery:battery_wall_mek_basic":2,"minecraft:ender_pearl":1},"minecraft:crafted":{"minecraft:smooth_stone":64,"create:copper_ingot":1,"minecraft:air":0,"betterendforge:aeternium_hammer":1},"minecraft:mined":{"minecraft:stone":1},"minecraft:custom":{"minecraft:interact_with_smithing_table":3,"minecraft:mob_kills":4,"minecraft:inspect_hopper":1,"minecraft:interact_with_crafting_table":4,"minecraft:items_inserted":64,"minecraft:leave_game":8,"minecraft:time_since_death":729197,"minecraft:sprint_one_cm":38231,"minecraft:walk_one_cm":426812,"minecraft:drop":318,"minecraft:walk_under_water_one_cm":1000,"minecraft:sneak_time":4619,"minecraft:jump":190,"minecraft:walk_on_water_one_cm":917,"minecraft:interact_with_furnace":15,"minecraft:items_extracted":192,"minecraft:play_one_minute":729197,"minecraft:interact_with_loom":2,"minecraft:time_since_rest":729197,"minecraft:use_wand":2226,"minecraft:damage_dealt":960,"minecraft:fly_one_cm":439772,"minecraft:open_chest":16,"minecraft:crouch_one_cm":9821}},"DataVersion":2586}