{
  "immersiveengineering:recipes/immersiveengineering/crafting/empty_shell": {
    "criteria": {
      "has_coppper_ingot": "2021-11-27 19:55:00 +0100"
    },
    "done": true
  },
  "immersiveengineering:recipes/immersiveengineering/crafting/alu_wallmount": {
    "criteria": {
      "has_aluminum_ingot": "2021-11-29 20:10:17 +0100"
    },
    "done": true
  },
  "immersiveengineering:recipes/immersiveengineering/crafting/capacitor_lv": {
    "criteria": {
      "has_copper_ingot": "2021-11-27 19:55:00 +0100"
    },
    "done": true
  },
  "ironchest:recipes/ironchest/chests/vanilla_copper_chest": {
    "criteria": {
      "has_item": "2021-11-27 19:55:00 +0100"
    },
    "done": true
  },
  "chisel:recipes/chisel/futura/screen_metallic": {
    "criteria": {
      "has_redstone": "2021-11-29 13:35:51 +0100"
    },
    "done": true
  },
  "immersiveengineering:recipes/immersiveengineering/crafting/storage_aluminum_to_ingot_aluminum": {
    "criteria": {
      "has_storage_aluminum": "2021-11-29 20:10:17 +0100"
    },
    "done": true
  },
  "blue_skies:everdawn/think_different": {
    "criteria": {
      "have_sword": "2021-11-29 21:26:00 +0100"
    },
    "done": true
  },
  "minecraft:recipes/redstone/lever": {
    "criteria": {
      "has_cobblestone": "2021-11-27 22:31:03 +0100"
    },
    "done": true
  },
  "minecraft:recipes/building_blocks/cobblestone_stairs_from_cobblestone_stonecutting": {
    "criteria": {
      "has_cobblestone": "2021-11-27 22:31:03 +0100"
    },
    "done": true
  },
  "hats:hats/wear_hat_with_accessory": {
    "criteria": {
      "code_trigger": "2021-11-29 14:06:44 +0100"
    },
    "done": true
  },
  "immersiveengineering:recipes/immersiveengineering/crafting/plate_constantan_hammering": {
    "criteria": {
      "has_constantan_ingot": "2021-12-01 19:10:18 +0100"
    },
    "done": true
  },
  "minecraft:recipes/building_blocks/stone_bricks": {
    "criteria": {
      "has_stone": "2021-11-27 19:52:11 +0100"
    },
    "done": true
  },
  "create:recipes/create.base/crafting/appliances/copper_backtank": {
    "criteria": {
      "has_item": "2021-11-27 19:55:00 +0100"
    },
    "done": true
  },
  "refinedstorage:recipes/refinedstorage/pattern_grid/purple_pattern_grid": {
    "criteria": {
      "refinedstorage:grid": "2021-11-27 22:37:08 +0100"
    },
    "done": true
  },
  "xnet:recipes/xnet/connector_routing": {
    "criteria": {
      "chest": "2021-11-29 13:51:34 +0100"
    },
    "done": true
  },
  "tconstruct:tools/materials_and_you": {
    "criteria": {
      "crafted_book": "2021-11-27 19:43:34 +0100"
    },
    "done": true
  },
  "refinedstorage:drives": {
    "criteria": {
      "disk_drive_in_inventory": "2021-11-27 22:47:10 +0100"
    },
    "done": true
  },
  "create:recipes/create.base/crafting/logistics/powered_latch": {
    "criteria": {
      "has_item": "2021-11-29 13:35:51 +0100"
    },
    "done": true
  },
  "xnet:recipes/xnet/advanced_connector_blue_dye": {
    "criteria": {
      "chest": "2021-11-29 13:51:34 +0100"
    },
    "done": true
  },
  "minecraft:recipes/building_blocks/polished_andesite_stairs_from_andesite_stonecutting": {
    "criteria": {
      "has_andesite": "2021-11-27 22:13:28 +0100"
    },
    "done": true
  },
  "xnet:recipes/xnet/netcable_blue_dye": {
    "criteria": {
      "chest": "2021-11-29 13:51:34 +0100"
    },
    "done": true
  },
  "minecraft:recipes/decorations/yellow_stained_glass_pane_from_glass_pane": {
    "criteria": {
      "has_yellow_dye": "2021-11-29 13:47:54 +0100"
    },
    "done": true
  },
  "refinedstorage:recipes/refinedstorage/crafting_grid/light_gray_crafting_grid": {
    "criteria": {
      "refinedstorage:grid": "2021-11-27 22:37:08 +0100"
    },
    "done": true
  },
  "refinedstorage:recipes/refinedstorage/fluid_grid/cyan_fluid_grid": {
    "criteria": {
      "refinedstorage:grid": "2021-11-27 22:37:08 +0100"
    },
    "done": true
  },
  "xnet:recipes/xnet/connector_red": {
    "criteria": {
      "chest": "2021-11-29 13:51:34 +0100"
    },
    "done": true
  },
  "xnet:recipes/xnet/netcable_green_dye": {
    "criteria": {
      "chest": "2021-11-29 13:51:34 +0100"
    },
    "done": true
  },
  "minecraft:recipes/building_blocks/smooth_stone": {
    "criteria": {
      "has_stone": "2021-11-27 19:52:11 +0100"
    },
    "done": true
  },
  "minecraft:recipes/decorations/blast_furnace": {
    "criteria": {
      "has_smooth_stone": "2021-11-27 19:53:47 +0100"
    },
    "done": true
  },
  "minecraft:recipes/decorations/chest": {
    "criteria": {
      "has_lots_of_items": "2021-11-27 19:54:39 +0100"
    },
    "done": true
  },
  "minecraft:recipes/building_blocks/stone_slab_from_stone_stonecutting": {
    "criteria": {
      "has_stone": "2021-11-27 19:52:11 +0100"
    },
    "done": true
  },
  "refinedstorage:recipes/refinedstorage/pattern_grid/orange_pattern_grid": {
    "criteria": {
      "refinedstorage:grid": "2021-11-27 22:37:08 +0100"
    },
    "done": true
  },
  "minecraft:recipes/building_blocks/chiseled_stone_bricks_stone_from_stonecutting": {
    "criteria": {
      "has_stone": "2021-11-27 19:52:11 +0100"
    },
    "done": true
  },
  "create:recipes/create.base/crafting/kinetics/fluid_valve": {
    "criteria": {
      "has_item": "2021-11-27 19:55:00 +0100"
    },
    "done": true
  },
  "refinedstorage:recipes/refinedstorage/pattern_grid/green_pattern_grid": {
    "criteria": {
      "refinedstorage:grid": "2021-11-27 22:37:08 +0100"
    },
    "done": true
  },
  "refinedstorage:recipes/refinedstorage/fluid_grid/pink_fluid_grid": {
    "criteria": {
      "refinedstorage:grid": "2021-11-27 22:37:08 +0100"
    },
    "done": true
  },
  "xnet:recipes/xnet/connector_green_dye": {
    "criteria": {
      "chest": "2021-11-29 13:51:34 +0100"
    },
    "done": true
  },
  "immersiveengineering:recipes/immersiveengineering/crafting/connector_lv": {
    "criteria": {
      "has_copper_ingot": "2021-11-27 19:55:00 +0100"
    },
    "done": true
  },
  "refinedstorage:recipes/refinedstorage/crafting_grid/lime_crafting_grid": {
    "criteria": {
      "refinedstorage:grid": "2021-11-27 22:37:08 +0100"
    },
    "done": true
  },
  "minecraft:recipes/misc/white_dye": {
    "criteria": {
      "has_bone_meal": "2021-11-29 13:58:25 +0100"
    },
    "done": true
  },
  "xnet:recipes/xnet/connector_blue_dye": {
    "criteria": {
      "chest": "2021-11-29 13:51:34 +0100"
    },
    "done": true
  },
  "minecraft:recipes/building_blocks/stone_brick_slab_from_stone_stonecutting": {
    "criteria": {
      "has_stone": "2021-11-27 19:52:11 +0100"
    },
    "done": true
  },
  "appliedenergistics2:main/crafting_cpu": {
    "criteria": {
      "c64k": "2021-11-27 22:33:45 +0100"
    },
    "done": true
  },
  "minecraft:recipes/transportation/spruce_boat": {
    "criteria": {
      "in_water": "2021-11-29 21:20:52 +0100"
    },
    "done": true
  },
  "xnet:recipes/xnet/advanced_connector_red_dye": {
    "criteria": {
      "chest": "2021-11-29 13:51:34 +0100"
    },
    "done": true
  },
  "blockcarpentry:general/trapdoor": {
    "criteria": {
      "frame_trapdoor": "2021-11-27 23:40:22 +0100"
    },
    "done": true
  },
  "apotheosis:affix/root": {
    "criteria": {
      "sword": "2021-11-27 22:15:59 +0100"
    },
    "done": true
  },
  "refinedstorage:recipes/refinedstorage/crafting_grid/magenta_crafting_grid": {
    "criteria": {
      "refinedstorage:grid": "2021-11-27 22:37:08 +0100"
    },
    "done": true
  },
  "refinedstorage:recipes/refinedstorage/pattern_grid/pattern_grid": {
    "criteria": {
      "refinedstorage:grid": "2021-11-27 22:37:08 +0100"
    },
    "done": true
  },
  "hats:hats/root": {
    "criteria": {
      "killed_something": "2021-11-29 13:36:41 +0100"
    },
    "done": true
  },
  "projecte:recipes/projecte/low_covalence_dust": {
    "criteria": {
      "has_cobble": "2021-11-27 22:31:03 +0100"
    },
    "done": true
  },
  "extrastorage:recipes/extrastorage_tab/iron_crafter": {
    "criteria": {
      "has_part": "2021-11-29 19:33:26 +0100"
    },
    "done": true
  },
  "immersiveengineering:recipes/immersiveengineering/crafting/chute_copper": {
    "criteria": {
      "has_plate": "2021-11-27 20:57:12 +0100"
    },
    "done": true
  },
  "refinedstorage:recipes/refinedstorage/fluid_grid/lime_fluid_grid": {
    "criteria": {
      "refinedstorage:grid": "2021-11-27 22:37:08 +0100"
    },
    "done": true
  },
  "refinedstorage:recipes/refinedstorage/fluid_grid/white_fluid_grid": {
    "criteria": {
      "refinedstorage:grid": "2021-11-27 22:37:08 +0100"
    },
    "done": true
  },
  "minecraft:recipes/building_blocks/cobblestone_slab": {
    "criteria": {
      "has_cobblestone": "2021-11-27 22:31:03 +0100"
    },
    "done": true
  },
  "immersiveengineering:recipes/immersiveengineering/crafting/voltmeter": {
    "criteria": {
      "has_copper_ingot": "2021-11-27 19:55:00 +0100"
    },
    "done": true
  },
  "xnet:recipes/xnet/redstoneproxy_update": {
    "criteria": {
      "torch": "2021-11-29 13:43:47 +0100"
    },
    "done": true
  },
  "chisel:recipes/chisel/futura/controller_purple": {
    "criteria": {
      "has_redstone": "2021-11-29 13:35:51 +0100"
    },
    "done": true
  },
  "refinedstorage:recipes/refinedstorage/fluid_grid/gray_fluid_grid": {
    "criteria": {
      "refinedstorage:grid": "2021-11-27 22:37:08 +0100"
    },
    "done": true
  },
  "minecraft:recipes/building_blocks/cobblestone_stairs": {
    "criteria": {
      "has_cobblestone": "2021-11-27 22:31:03 +0100"
    },
    "done": true
  },
  "create:recipes/create.palettes/paved_andesite_from_andesite_stonecutting": {
    "criteria": {
      "has_andesite": "2021-11-27 22:13:28 +0100"
    },
    "done": true
  },
  "create:recipes/create.base/crafting/logistics/powered_toggle_latch": {
    "criteria": {
      "has_item": "2021-11-29 13:35:51 +0100"
    },
    "done": true
  },
  "refinedstorage:connecting": {
    "criteria": {
      "cable_in_inventory": "2021-11-27 22:37:38 +0100"
    },
    "done": true
  },
  "minecraft:recipes/redstone/note_block": {
    "criteria": {
      "has_redstone": "2021-11-29 13:35:51 +0100"
    },
    "done": true
  },
  "naturescompass:natures_compass_sapling": {
    "criteria": {
      "has_sapling": "2021-11-29 13:58:10 +0100"
    },
    "done": true
  },
  "create:recipes/create.palettes/andesite_pillar_from_andesite_stonecutting": {
    "criteria": {
      "has_andesite": "2021-11-27 22:13:28 +0100"
    },
    "done": true
  },
  "immersiveengineering:recipes/immersiveengineering/crafting/alu_fence": {
    "criteria": {
      "has_alu_ingot": "2021-11-29 20:10:17 +0100"
    },
    "done": true
  },
  "xnet:recipes/xnet/netcable_yellow_dye": {
    "criteria": {
      "chest": "2021-11-29 13:51:34 +0100"
    },
    "done": true
  },
  "constructionwand:recipes/tools/stone_wand": {
    "criteria": {
      "has_item": "2021-11-27 22:31:03 +0100"
    },
    "done": true
  },
  "projecte:recipes/projecte/aeternalis_fuel_block": {
    "criteria": {
      "has_aeternalis_fuel": "2021-11-27 22:19:48 +0100"
    },
    "done": true
  },
  "projecte:recipes/projecte/alchemical_coal_block": {
    "criteria": {
      "has_alchemical_coal": "2021-11-27 22:19:48 +0100"
    },
    "done": true
  },
  "create:recipes/create.palettes/fancy_andesite_bricks_from_andesite_stonecutting": {
    "criteria": {
      "has_andesite": "2021-11-27 22:13:28 +0100"
    },
    "done": true
  },
  "refinedstorage:recipes/refinedstorage/crafting_grid/orange_crafting_grid": {
    "criteria": {
      "refinedstorage:grid": "2021-11-27 22:37:08 +0100"
    },
    "done": true
  },
  "create:its_alive": {
    "criteria": {
      "0": "2021-11-27 23:36:07 +0100"
    },
    "done": true
  },
  "refinedstorage:recipes/refinedstorage/crafting_grid/cyan_crafting_grid": {
    "criteria": {
      "refinedstorage:grid": "2021-11-27 22:37:08 +0100"
    },
    "done": true
  },
  "minecraft:recipes/redstone/tnt": {
    "criteria": {
      "has_gunpowder": "2021-11-29 13:36:43 +0100"
    },
    "done": true
  },
  "minecraft:recipes/building_blocks/stone_stairs_from_stone_stonecutting": {
    "criteria": {
      "has_stone": "2021-11-27 19:52:11 +0100"
    },
    "done": true
  },
  "minecraft:recipes/building_blocks/smooth_stone_slab": {
    "criteria": {
      "has_smooth_stone": "2021-11-27 19:53:47 +0100"
    },
    "done": true
  },
  "ironchest:recipes/ironchest/upgrades/copper_to_silver_chest_upgrade": {
    "criteria": {
      "has_item": "2021-11-27 19:55:00 +0100"
    },
    "done": true
  },
  "create:recipes/create.palettes/andesite_bricks_from_andesite_stonecutting": {
    "criteria": {
      "has_andesite": "2021-11-27 22:13:28 +0100"
    },
    "done": true
  },
  "refinedstorage:recipes/refinedstorage/pattern_grid/brown_pattern_grid": {
    "criteria": {
      "refinedstorage:grid": "2021-11-27 22:37:08 +0100"
    },
    "done": true
  },
  "minecraft:recipes/building_blocks/andesite_stairs_from_andesite_stonecutting": {
    "criteria": {
      "has_andesite": "2021-11-27 22:13:28 +0100"
    },
    "done": true
  },
  "minecraft:story/obtain_armor": {
    "criteria": {
      "iron_helmet": "2021-11-27 22:15:59 +0100"
    },
    "done": true
  },
  "minecraft:story/mine_stone": {
    "criteria": {
      "get_stone": "2021-11-27 22:31:03 +0100"
    },
    "done": true
  },
  "blockcarpentry:general/root": {
    "criteria": {
      "controller_in_inventory": "2021-11-27 23:37:28 +0100"
    },
    "done": true
  },
  "minecraft:recipes/redstone/target": {
    "criteria": {
      "has_redstone": "2021-11-29 13:35:51 +0100"
    },
    "done": true
  },
  "minecraft:recipes/decorations/furnace": {
    "criteria": {
      "has_cobblestone": "2021-11-27 22:31:03 +0100"
    },
    "done": true
  },
  "create:recipes/create.base/crafting/logistics/pulse_repeater": {
    "criteria": {
      "has_item": "2021-11-29 13:35:51 +0100"
    },
    "done": true
  },
  "morevillagers:root": {
    "criteria": {
      "always": "2021-11-27 19:48:21 +0100"
    },
    "done": true
  },
  "minecraft:recipes/brewing/cauldron": {
    "criteria": {
      "has_water_bucket": "2021-11-29 13:38:26 +0100"
    },
    "done": true
  },
  "xnet:recipes/xnet/advanced_connector_green_dye": {
    "criteria": {
      "chest": "2021-11-29 13:51:34 +0100"
    },
    "done": true
  },
  "minecraft:recipes/building_blocks/andesite_stairs": {
    "criteria": {
      "has_andesite": "2021-11-27 22:13:28 +0100"
    },
    "done": true
  },
  "immersiverailroading:recipes/immersiverailroading.main/item_track_exchanger35059923411": {
    "criteria": {
      "hasdustRedstone7": "2021-11-29 13:35:51 +0100"
    },
    "done": true
  },
  "minecraft:recipes/building_blocks/cobblestone_slab_from_cobblestone_stonecutting": {
    "criteria": {
      "has_cobblestone": "2021-11-27 22:31:03 +0100"
    },
    "done": true
  },
  "create:recipes/create.base/crafting/kinetics/mechanical_pump": {
    "criteria": {
      "has_item": "2021-11-27 19:55:00 +0100"
    },
    "done": true
  },
  "minecraft:recipes/redstone/redstone_torch": {
    "criteria": {
      "has_redstone": "2021-11-29 13:35:51 +0100"
    },
    "done": true
  },
  "minecraft:husbandry/root": {
    "criteria": {
      "consumed_item": "2021-11-29 13:48:51 +0100"
    },
    "done": true
  },
  "minecraft:recipes/transportation/birch_boat": {
    "criteria": {
      "in_water": "2021-11-29 21:20:52 +0100"
    },
    "done": true
  },
  "refinedstorage:recipes/refinedstorage/pattern_grid/light_gray_pattern_grid": {
    "criteria": {
      "refinedstorage:grid": "2021-11-27 22:37:08 +0100"
    },
    "done": true
  },
  "minecraft:recipes/building_blocks/polished_andesite_slab_from_andesite_stonecutting": {
    "criteria": {
      "has_andesite": "2021-11-27 22:13:28 +0100"
    },
    "done": true
  },
  "minecraft:recipes/building_blocks/polished_andesite_from_andesite_stonecutting": {
    "criteria": {
      "has_andesite": "2021-11-27 22:13:28 +0100"
    },
    "done": true
  },
  "minecraft:recipes/transportation/acacia_boat": {
    "criteria": {
      "in_water": "2021-11-29 21:20:52 +0100"
    },
    "done": true
  },
  "blockcarpentry:general/ladder": {
    "criteria": {
      "frame_ladder": "2021-12-01 19:30:46 +0100"
    },
    "done": true
  },
  "create:recipes/create.base/crafting/materials/copper_block_from_compacting": {
    "criteria": {
      "has_item": "2021-11-27 19:55:00 +0100"
    },
    "done": true
  },
  "refinedstorage:upgrading_your_grid": {
    "criteria": {
      "crafting_grid_in_inventory": "2021-11-27 22:37:12 +0100"
    },
    "done": true
  },
  "refinedstorage:recipes/refinedstorage/crafting_grid/crafting_grid": {
    "criteria": {
      "refinedstorage:grid": "2021-11-27 22:37:08 +0100"
    },
    "done": true
  },
  "minecraft:adventure/root": {
    "criteria": {
      "killed_something": "2021-11-29 13:36:41 +0100"
    },
    "done": true
  },
  "xnet:recipes/xnet/advanced_connector_green": {
    "criteria": {
      "chest": "2021-11-29 13:51:34 +0100"
    },
    "done": true
  },
  "apotheosis:affix/random": {
    "criteria": {
      "sword": "2021-11-27 22:15:59 +0100"
    },
    "done": true
  },
  "blockcarpentry:general/gate": {
    "criteria": {
      "frame_fence_gate": "2021-11-27 23:40:10 +0100"
    },
    "done": true
  },
  "apotheosis:affix/uncommon": {
    "criteria": {
      "sword": "2021-11-27 22:15:59 +0100"
    },
    "done": true
  },
  "create:recipes/create.base/crafting/palettes/copper_shingles": {
    "criteria": {
      "has_item": "2021-11-27 20:57:12 +0100"
    },
    "done": true
  },
  "refinedstorage:recipes/refinedstorage/crafting_grid/white_crafting_grid": {
    "criteria": {
      "refinedstorage:grid": "2021-11-27 22:37:08 +0100"
    },
    "done": true
  },
  "minecraft:recipes/building_blocks/stone_brick_stairs_from_stone_stonecutting": {
    "criteria": {
      "has_stone": "2021-11-27 19:52:11 +0100"
    },
    "done": true
  },
  "minecraft:recipes/tools/stone_hoe": {
    "criteria": {
      "has_cobblestone": "2021-11-27 22:31:03 +0100"
    },
    "done": true
  },
  "minecraft:recipes/tools/clock": {
    "criteria": {
      "has_redstone": "2021-11-29 13:35:51 +0100"
    },
    "done": true
  },
  "create:recipes/create.base/blasting/copper_ingot_from_ore": {
    "criteria": {
      "has_item": "2021-11-27 19:52:50 +0100"
    },
    "done": true
  },
  "create:recipes/create.base/crafting/logistics/adjustable_pulse_repeater": {
    "criteria": {
      "has_item": "2021-11-29 13:35:51 +0100"
    },
    "done": true
  },
  "create:recipes/create.palettes/mossy_andesite_from_andesite_stonecutting": {
    "criteria": {
      "has_andesite": "2021-11-27 22:13:28 +0100"
    },
    "done": true
  },
  "projecte:recipes/projecte/rm_katar": {
    "criteria": {
      "has_sword": "2021-11-29 21:12:58 +0100"
    },
    "done": true
  },
  "minecraft:adventure/kill_all_mobs": {
    "criteria": {
      "minecraft:creeper": "2021-11-29 13:36:41 +0100",
      "minecraft:enderman": "2021-11-29 21:10:45 +0100"
    },
    "done": false
  },
  "refinedstorage:recipes/refinedstorage/fluid_grid/magenta_fluid_grid": {
    "criteria": {
      "refinedstorage:grid": "2021-11-27 22:37:08 +0100"
    },
    "done": true
  },
  "xnet:recipes/xnet/advanced_connector_yellow_dye": {
    "criteria": {
      "chest": "2021-11-29 13:51:34 +0100"
    },
    "done": true
  },
  "refinedstorage:storing_externally": {
    "criteria": {
      "external_storage_in_inventory": "2021-11-27 22:40:29 +0100"
    },
    "done": true
  },
  "minecraft:recipes/redstone/redstone_block": {
    "criteria": {
      "has_redstone": "2021-11-29 13:35:51 +0100"
    },
    "done": true
  },
  "create:recipes/create.base/crafting/palettes/copper_tiles": {
    "criteria": {
      "has_item": "2021-11-27 20:57:12 +0100"
    },
    "done": true
  },
  "minecraft:recipes/misc/iron_nugget_from_smelting": {
    "criteria": {
      "has_iron_helmet": "2021-11-27 22:15:59 +0100"
    },
    "done": true
  },
  "refinedstorage:recipes/refinedstorage/pattern_grid/lime_pattern_grid": {
    "criteria": {
      "refinedstorage:grid": "2021-11-27 22:37:08 +0100"
    },
    "done": true
  },
  "refinedstorage:recipes/refinedstorage/crafting_grid/yellow_crafting_grid": {
    "criteria": {
      "refinedstorage:grid": "2021-11-27 22:37:08 +0100"
    },
    "done": true
  },
  "morevillagers:all_workstations_get": {
    "criteria": {
      "smithingtable": "2021-11-27 22:18:45 +0100",
      "loom": "2021-11-29 13:47:36 +0100"
    },
    "done": false
  },
  "create:recipes/create.base/crafting/materials/rose_quartz": {
    "criteria": {
      "has_item": "2021-11-29 13:35:51 +0100"
    },
    "done": true
  },
  "refinedstorage:recipes/refinedstorage/crafting_grid/black_crafting_grid": {
    "criteria": {
      "refinedstorage:grid": "2021-11-27 22:37:08 +0100"
    },
    "done": true
  },
  "refinedstorage:pattern_creation": {
    "criteria": {
      "pattern_and_pattern_grid_in_inventory": "2021-11-27 22:37:20 +0100"
    },
    "done": true
  },
  "chisel:recipes/chisel/futura/controller": {
    "criteria": {
      "has_redstone": "2021-11-29 13:35:51 +0100"
    },
    "done": true
  },
  "create:root": {
    "criteria": {
      "0": "2021-11-27 19:43:34 +0100"
    },
    "done": true
  },
  "rftoolsbase:recipes/rftoolsbase/crafting_card": {
    "criteria": {
      "crafter": "2021-11-27 19:55:11 +0100"
    },
    "done": true
  },
  "projecte:recipes/projecte/dark_matter": {
    "criteria": {
      "has_aeternalis": "2021-11-27 22:19:48 +0100"
    },
    "done": true
  },
  "minecraft:recipes/transportation/oak_boat": {
    "criteria": {
      "in_water": "2021-11-29 21:20:52 +0100"
    },
    "done": true
  },
  "refinedstorage:recipes/refinedstorage/fluid_grid/yellow_fluid_grid": {
    "criteria": {
      "refinedstorage:grid": "2021-11-27 22:37:08 +0100"
    },
    "done": true
  },
  "blockcarpentry:general/bed": {
    "criteria": {
      "frame_bed": "2021-11-27 23:41:41 +0100"
    },
    "done": true
  },
  "minecraft:recipes/building_blocks/smooth_stone_slab_from_smooth_stone_stonecutting": {
    "criteria": {
      "has_smooth_stone": "2021-11-27 19:53:47 +0100"
    },
    "done": true
  },
  "chisel:recipes/chisel/futura/wavy": {
    "criteria": {
      "has_redstone": "2021-11-29 13:35:51 +0100"
    },
    "done": true
  },
  "xnet:recipes/xnet/advanced_connector_blue": {
    "criteria": {
      "chest": "2021-11-29 13:51:34 +0100"
    },
    "done": true
  },
  "refinedstorage:recipes/refinedstorage/pattern_grid/gray_pattern_grid": {
    "criteria": {
      "refinedstorage:grid": "2021-11-27 22:37:08 +0100"
    },
    "done": true
  },
  "create:recipes/create.palettes/andesite_cobblestone_from_andesite_stonecutting": {
    "criteria": {
      "has_andesite": "2021-11-27 22:13:28 +0100"
    },
    "done": true
  },
  "appliedenergistics2:main/interface": {
    "criteria": {
      "certus": "2021-11-27 22:29:02 +0100"
    },
    "done": true
  },
  "refinedstorage:recipes/refinedstorage/fluid_grid/green_fluid_grid": {
    "criteria": {
      "refinedstorage:grid": "2021-11-27 22:37:08 +0100"
    },
    "done": true
  },
  "refinedstorage:recipes/refinedstorage/crafting_grid/blue_crafting_grid": {
    "criteria": {
      "refinedstorage:grid": "2021-11-27 22:37:08 +0100"
    },
    "done": true
  },
  "immersiveengineering:recipes/immersiveengineering/crafting/radiator": {
    "criteria": {
      "has_copper_ingot": "2021-11-27 19:55:00 +0100"
    },
    "done": true
  },
  "refinedstorage:recipes/refinedstorage/pattern_grid/black_pattern_grid": {
    "criteria": {
      "refinedstorage:grid": "2021-11-27 22:37:08 +0100"
    },
    "done": true
  },
  "minecraft:recipes/building_blocks/stone_bricks_from_stone_stonecutting": {
    "criteria": {
      "has_stone": "2021-11-27 19:52:11 +0100"
    },
    "done": true
  },
  "refinedstorage:recipes/refinedstorage/pattern_grid/pink_pattern_grid": {
    "criteria": {
      "refinedstorage:grid": "2021-11-27 22:37:08 +0100"
    },
    "done": true
  },
  "refinedstorage:recipes/refinedstorage/crafting_grid/pink_crafting_grid": {
    "criteria": {
      "refinedstorage:grid": "2021-11-27 22:37:08 +0100"
    },
    "done": true
  },
  "immersiveengineering:recipes/immersiveengineering/crafting/rs_engineering": {
    "criteria": {
      "has_copper_ingot": "2021-11-27 19:55:00 +0100"
    },
    "done": true
  },
  "refinedstorage:recipes/refinedstorage/fluid_grid/fluid_grid": {
    "criteria": {
      "refinedstorage:grid": "2021-11-27 22:37:08 +0100"
    },
    "done": true
  },
  "immersiveengineering:recipes/immersiveengineering/crafting/plate_copper_hammering": {
    "criteria": {
      "has_copper_ingot": "2021-11-27 19:55:00 +0100"
    },
    "done": true
  },
  "refinedstorage:recipes/refinedstorage/pattern_grid/white_pattern_grid": {
    "criteria": {
      "refinedstorage:grid": "2021-11-27 22:37:08 +0100"
    },
    "done": true
  },
  "create:recipes/create.palettes/overgrown_andesite_from_andesite_stonecutting": {
    "criteria": {
      "has_andesite": "2021-11-27 22:13:28 +0100"
    },
    "done": true
  },
  "refinedstorage:recipes/refinedstorage/crafting_grid/brown_crafting_grid": {
    "criteria": {
      "refinedstorage:grid": "2021-11-27 22:37:08 +0100"
    },
    "done": true
  },
  "create:recipes/create.base/crafting/kinetics/copper_valve_handle_from_others": {
    "criteria": {
      "has_item": "2021-11-27 19:55:00 +0100"
    },
    "done": true
  },
  "xnet:recipes/xnet/advanced_connector_routing": {
    "criteria": {
      "chest": "2021-11-29 13:51:34 +0100"
    },
    "done": true
  },
  "minecraft:recipes/misc/red_dye_from_poppy": {
    "criteria": {
      "has_red_flower": "2021-11-27 19:50:05 +0100"
    },
    "done": true
  },
  "apotheosis:spawner/root": {
    "criteria": {
      "game_start": "2021-11-27 19:48:21 +0100"
    },
    "done": true
  },
  "minecraft:recipes/building_blocks/stone_slab": {
    "criteria": {
      "has_stone": "2021-11-27 19:52:11 +0100"
    },
    "done": true
  },
  "minecraft:recipes/building_blocks/andesite_slab_from_andesite_stonecutting": {
    "criteria": {
      "has_andesite": "2021-11-27 22:13:28 +0100"
    },
    "done": true
  },
  "refinedstorage:recipes/refinedstorage/fluid_grid/black_fluid_grid": {
    "criteria": {
      "refinedstorage:grid": "2021-11-27 22:37:08 +0100"
    },
    "done": true
  },
  "create:recipes/create.base/crafting/logistics/adjustable_repeater": {
    "criteria": {
      "has_item": "2021-11-29 13:35:51 +0100"
    },
    "done": true
  },
  "tconstruct:recipes/tconstruct/smeltery/smeltery/copper_can": {
    "criteria": {
      "has_item": "2021-11-27 19:55:00 +0100"
    },
    "done": true
  },
  "refinedstorage:monitoring": {
    "criteria": {
      "crafting_monitor_in_inventory": "2021-11-27 22:46:45 +0100"
    },
    "done": true
  },
  "refinedstorage:recipes/refinedstorage/fluid_grid/brown_fluid_grid": {
    "criteria": {
      "refinedstorage:grid": "2021-11-27 22:37:08 +0100"
    },
    "done": true
  },
  "blockcarpentry:general/chest": {
    "criteria": {
      "frame_chest": "2021-11-29 13:54:31 +0100"
    },
    "done": true
  },
  "minecraft:recipes/tools/stone_shovel": {
    "criteria": {
      "has_cobblestone": "2021-11-27 22:31:03 +0100"
    },
    "done": true
  },
  "projecte:red_matter_furnace": {
    "criteria": {
      "rm_furnace": "2021-11-27 19:53:17 +0100"
    },
    "done": true
  },
  "apotheosis:spawner/capturing": {
    "criteria": {
      "egg": "2021-11-29 13:35:29 +0100"
    },
    "done": true
  },
  "refinedstorage:recipes/refinedstorage/pattern_grid/magenta_pattern_grid": {
    "criteria": {
      "refinedstorage:grid": "2021-11-27 22:37:08 +0100"
    },
    "done": true
  },
  "trashcans:recipes/search/item_trash_can": {
    "criteria": {
      "chest": "2021-11-30 19:42:33 +0100"
    },
    "done": true
  },
  "create:recipes/create.base/crafting/palettes/copper_shingles_from_tiles": {
    "criteria": {
      "has_item": "2021-11-27 20:57:12 +0100"
    },
    "done": true
  },
  "projecte:recipes/projecte/medium_covalence_dust": {
    "criteria": {
      "has_redstone": "2021-11-29 13:35:51 +0100"
    },
    "done": true
  },
  "immersiveengineering:recipes/immersiveengineering/crafting/ingot_aluminum_to_storage_aluminum": {
    "criteria": {
      "has_ingot_aluminum": "2021-11-29 20:10:17 +0100"
    },
    "done": true
  },
  "betterendforge:recipes/betterendforge/ender_block": {
    "criteria": {
      "has_ender_pearl": "2021-11-29 21:10:46 +0100"
    },
    "done": true
  },
  "xnet:recipes/xnet/connector_yellow_dye": {
    "criteria": {
      "chest": "2021-11-29 13:51:34 +0100"
    },
    "done": true
  },
  "immersiveengineering:recipes/immersiveengineering/crafting/alu_scaffolding_standard": {
    "criteria": {
      "has_alu_ingot": "2021-11-29 20:10:17 +0100"
    },
    "done": true
  },
  "appliedenergistics2:main/crafting_terminal": {
    "criteria": {
      "certus": "2021-11-27 22:26:00 +0100"
    },
    "done": true
  },
  "refinedstorage:viewing_items": {
    "criteria": {
      "grid_in_inventory": "2021-11-27 22:37:08 +0100"
    },
    "done": true
  },
  "immersiveengineering:recipes/immersiveengineering/crafting/wire_copper": {
    "criteria": {
      "has_copper_ingot": "2021-11-27 19:55:00 +0100"
    },
    "done": true
  },
  "appliedenergistics2:main/storage_bus": {
    "criteria": {
      "part": "2021-11-27 22:25:26 +0100"
    },
    "done": true
  },
  "refinedstorage:recipes/refinedstorage/pattern_grid/blue_pattern_grid": {
    "criteria": {
      "refinedstorage:grid": "2021-11-27 22:37:08 +0100"
    },
    "done": true
  },
  "xnet:recipes/xnet/advanced_connector_yellow": {
    "criteria": {
      "chest": "2021-11-29 13:51:34 +0100"
    },
    "done": true
  },
  "minecraft:recipes/misc/bone_meal": {
    "criteria": {
      "has_bone": "2021-11-27 22:15:59 +0100"
    },
    "done": true
  },
  "rftoolsbase:recipes/rftoolsbase/filter_module": {
    "criteria": {
      "hopper": "2021-11-27 22:23:10 +0100"
    },
    "done": true
  },
  "hats:hats/colourise_hat": {
    "criteria": {
      "code_trigger": "2021-11-29 14:01:17 +0100"
    },
    "done": true
  },
  "immersiveengineering:recipes/immersiveengineering/crafting/wirecoil_copper": {
    "criteria": {
      "has_copper_ingot": "2021-11-27 19:55:00 +0100"
    },
    "done": true
  },
  "minecraft:story/root": {
    "criteria": {
      "crafting_table": "2021-11-27 19:55:11 +0100"
    },
    "done": true
  },
  "refinedstorage:recipes/refinedstorage/fluid_grid/orange_fluid_grid": {
    "criteria": {
      "refinedstorage:grid": "2021-11-27 22:37:08 +0100"
    },
    "done": true
  },
  "minecraft:recipes/redstone/stone_button": {
    "criteria": {
      "has_stone": "2021-11-27 19:52:11 +0100"
    },
    "done": true
  },
  "refinedstorage:recipes/refinedstorage/fluid_grid/purple_fluid_grid": {
    "criteria": {
      "refinedstorage:grid": "2021-11-27 22:37:08 +0100"
    },
    "done": true
  },
  "minecraft:recipes/redstone/dropper": {
    "criteria": {
      "has_redstone": "2021-11-29 13:35:51 +0100"
    },
    "done": true
  },
  "create:recipes/create.base/crafting/kinetics/copper_valve_handle": {
    "criteria": {
      "has_item": "2021-11-27 19:55:00 +0100"
    },
    "done": true
  },
  "xnet:recipes/xnet/netcable_red_dye": {
    "criteria": {
      "chest": "2021-11-29 13:51:34 +0100"
    },
    "done": true
  },
  "create:recipes/create.base/crafting/appliances/tree_fertilizer": {
    "criteria": {
      "has_item": "2021-11-29 13:58:25 +0100"
    },
    "done": true
  },
  "create:recipes/create.palettes/andesite_pillar": {
    "criteria": {
      "has_andesite": "2021-11-27 22:13:28 +0100"
    },
    "done": true
  },
  "xnet:recipes/xnet/connector_blue": {
    "criteria": {
      "chest": "2021-11-29 13:51:34 +0100"
    },
    "done": true
  },
  "chisel:recipes/chisel/futura/screen_cyan": {
    "criteria": {
      "has_redstone": "2021-11-29 13:35:51 +0100"
    },
    "done": true
  },
  "hats:hats/wear_hat": {
    "criteria": {
      "code_trigger": "2021-11-29 14:01:17 +0100"
    },
    "done": true
  },
  "minecraft:recipes/misc/iron_nugget_from_blasting": {
    "criteria": {
      "has_iron_helmet": "2021-11-27 22:15:59 +0100"
    },
    "done": true
  },
  "immersiveengineering:recipes/immersiveengineering/crafting/plate_aluminum_hammering": {
    "criteria": {
      "has_aluminum_ingot": "2021-11-29 20:10:17 +0100"
    },
    "done": true
  },
  "refinedstorage:recipes/refinedstorage/crafting_grid/green_crafting_grid": {
    "criteria": {
      "refinedstorage:grid": "2021-11-27 22:37:08 +0100"
    },
    "done": true
  },
  "minecraft:recipes/tools/compass": {
    "criteria": {
      "has_redstone": "2021-11-29 13:35:51 +0100"
    },
    "done": true
  },
  "minecraft:recipes/redstone/repeater": {
    "criteria": {
      "has_redstone_torch": "2021-11-29 13:43:47 +0100"
    },
    "done": true
  },
  "extrastorage:recipes/extrastorage_tab/advanced_importer": {
    "criteria": {
      "has_part": "2021-11-29 20:08:57 +0100"
    },
    "done": true
  },
  "create:recipes/create.base/crafting/appliances/crafting_blueprint": {
    "criteria": {
      "has_item": "2021-11-27 19:55:11 +0100"
    },
    "done": true
  },
  "minecraft:adventure/kill_a_mob": {
    "criteria": {
      "minecraft:creeper": "2021-11-29 13:36:41 +0100"
    },
    "done": true
  },
  "refinedstorage:recipes/refinedstorage/crafting_grid/purple_crafting_grid": {
    "criteria": {
      "refinedstorage:grid": "2021-11-27 22:37:08 +0100"
    },
    "done": true
  },
  "refinedstorage:recipes/refinedstorage/crafting_grid/red_crafting_grid": {
    "criteria": {
      "refinedstorage:grid": "2021-11-27 22:37:08 +0100"
    },
    "done": true
  },
  "refinedstorage:managing_patterns": {
    "criteria": {
      "crafter_manager_in_inventory": "2021-11-27 22:46:35 +0100"
    },
    "done": true
  },
  "appliedenergistics2:main/controller": {
    "criteria": {
      "certus": "2021-11-27 22:24:58 +0100"
    },
    "done": true
  },
  "minecraft:recipes/building_blocks/stone": {
    "criteria": {
      "has_cobblestone": "2021-11-27 22:31:03 +0100"
    },
    "done": true
  },
  "minecraft:recipes/building_blocks/polished_andesite": {
    "criteria": {
      "has_stone": "2021-11-27 22:13:28 +0100"
    },
    "done": true
  },
  "refinedstorage:recipes/refinedstorage/fluid_grid/blue_fluid_grid": {
    "criteria": {
      "refinedstorage:grid": "2021-11-27 22:37:08 +0100"
    },
    "done": true
  },
  "create:recipes/create.base/crafting/appliances/diving_helmet": {
    "criteria": {
      "has_item": "2021-11-27 19:55:00 +0100"
    },
    "done": true
  },
  "minecraft:recipes/decorations/stonecutter": {
    "criteria": {
      "has_stone": "2021-11-27 19:52:11 +0100"
    },
    "done": true
  },
  "create:recipes/create.base/crafting/materials/copper_casing": {
    "criteria": {
      "has_item": "2021-11-27 19:55:00 +0100"
    },
    "done": true
  },
  "minecraft:adventure/adventuring_time": {
    "criteria": {
      "minecraft:dark_forest": "2021-11-27 19:43:34 +0100"
    },
    "done": false
  },
  "refinedstorage:recipes/refinedstorage/fluid_grid/light_gray_fluid_grid": {
    "criteria": {
      "refinedstorage:grid": "2021-11-27 22:37:08 +0100"
    },
    "done": true
  },
  "immersiveengineering:recipes/immersiveengineering/crafting/capacitor_hv": {
    "criteria": {
      "has_aluminum_ingot": "2021-11-29 20:10:17 +0100"
    },
    "done": true
  },
  "xnet:recipes/xnet/advanced_connector_red": {
    "criteria": {
      "chest": "2021-11-29 13:51:34 +0100"
    },
    "done": true
  },
  "immersiveengineering:recipes/immersiveengineering/crafting/stick_aluminum": {
    "criteria": {
      "has_alu_ingot": "2021-11-29 20:10:17 +0100"
    },
    "done": true
  },
  "minecraft:recipes/combat/stone_sword": {
    "criteria": {
      "has_cobblestone": "2021-11-27 22:31:03 +0100"
    },
    "done": true
  },
  "minecraft:recipes/decorations/cobblestone_wall": {
    "criteria": {
      "has_cobblestone": "2021-11-27 22:31:03 +0100"
    },
    "done": true
  },
  "immersiveengineering:recipes/immersiveengineering/crafting/jerrycan": {
    "criteria": {
      "has_bucket": "2021-11-30 20:24:49 +0100"
    },
    "done": true
  },
  "trashcans:recipes/search/liquid_trash_can": {
    "criteria": {
      "bucket": "2021-11-30 20:24:49 +0100"
    },
    "done": true
  },
  "create:recipes/create.base/crafting/appliances/diving_boots": {
    "criteria": {
      "has_item": "2021-11-27 19:55:00 +0100"
    },
    "done": true
  },
  "minecraft:recipes/tools/stone_pickaxe": {
    "criteria": {
      "has_cobblestone": "2021-11-27 22:31:03 +0100"
    },
    "done": true
  },
  "refinedstorage:recipes/refinedstorage/crafting_grid/gray_crafting_grid": {
    "criteria": {
      "refinedstorage:grid": "2021-11-27 22:37:08 +0100"
    },
    "done": true
  },
  "refinedstorage:importing": {
    "criteria": {
      "importer_in_inventory": "2021-11-29 20:08:57 +0100"
    },
    "done": true
  },
  "refinedstorage:recipes/refinedstorage/pattern_grid/red_pattern_grid": {
    "criteria": {
      "refinedstorage:grid": "2021-11-27 22:37:08 +0100"
    },
    "done": true
  },
  "minecraft:recipes/redstone/stone_pressure_plate": {
    "criteria": {
      "has_stone": "2021-11-27 19:52:11 +0100"
    },
    "done": true
  },
  "minecraft:recipes/transportation/jungle_boat": {
    "criteria": {
      "in_water": "2021-11-29 21:20:52 +0100"
    },
    "done": true
  },
  "refinedstorage:autocrafting": {
    "criteria": {
      "crafter_in_inventory": "2021-11-29 19:33:26 +0100"
    },
    "done": true
  },
  "immersiveengineering:recipes/immersiveengineering/crafting/light_engineering": {
    "criteria": {
      "has_copper_ingot": "2021-11-27 19:55:00 +0100"
    },
    "done": true
  },
  "minecraft:recipes/decorations/cobblestone_wall_from_cobblestone_stonecutting": {
    "criteria": {
      "has_cobblestone": "2021-11-27 22:31:03 +0100"
    },
    "done": true
  },
  "appliedenergistics2:main/pattern_terminal": {
    "criteria": {
      "certus": "2021-11-27 22:27:19 +0100"
    },
    "done": true
  },
  "extrastorage:advanced_importer": {
    "criteria": {
      "certus": "2021-11-27 22:41:13 +0100"
    },
    "done": true
  },
  "xnet:recipes/xnet/connector_green": {
    "criteria": {
      "chest": "2021-11-29 13:51:34 +0100"
    },
    "done": true
  },
  "minecraft:recipes/decorations/stone_brick_walls_from_stone_stonecutting": {
    "criteria": {
      "has_stone": "2021-11-27 19:52:11 +0100"
    },
    "done": true
  },
  "immersiveengineering:recipes/immersiveengineering/crafting/powerpack": {
    "criteria": {
      "has_copper_ingot": "2021-11-27 19:55:00 +0100"
    },
    "done": true
  },
  "xnet:recipes/xnet/connector_upgrade": {
    "criteria": {
      "pearl": "2021-11-29 21:10:46 +0100"
    },
    "done": true
  },
  "minecraft:recipes/transportation/dark_oak_boat": {
    "criteria": {
      "in_water": "2021-11-29 21:20:52 +0100"
    },
    "done": true
  },
  "minecraft:recipes/decorations/andesite_wall_from_andesite_stonecutting": {
    "criteria": {
      "has_andesite": "2021-11-27 22:13:28 +0100"
    },
    "done": true
  },
  "immersiveengineering:recipes/immersiveengineering/crafting/wirecoil_redstone": {
    "criteria": {
      "has_aluminum_ingot": "2021-11-29 20:10:17 +0100"
    },
    "done": true
  },
  "create:recipes/create.palettes/layered_andesite_from_andesite_stonecutting": {
    "criteria": {
      "has_andesite": "2021-11-27 22:13:28 +0100"
    },
    "done": true
  },
  "create:recipes/create.base/crafting/kinetics/smart_fluid_pipe": {
    "criteria": {
      "has_item": "2021-11-27 19:55:00 +0100"
    },
    "done": true
  },
  "minecraft:recipes/redstone/piston": {
    "criteria": {
      "has_redstone": "2021-11-29 13:35:51 +0100"
    },
    "done": true
  },
  "immersiveengineering:recipes/immersiveengineering/crafting/empty_casing": {
    "criteria": {
      "has_coppper_ingot": "2021-11-27 19:55:00 +0100"
    },
    "done": true
  },
  "minecraft:recipes/building_blocks/stone_stairs": {
    "criteria": {
      "has_stone": "2021-11-27 19:52:11 +0100"
    },
    "done": true
  },
  "blockcarpentry:general/all": {
    "criteria": {
      "door": "2021-11-27 23:39:03 +0100"
    },
    "done": true
  },
  "xnet:recipes/xnet/connector_yellow": {
    "criteria": {
      "chest": "2021-11-29 13:51:34 +0100"
    },
    "done": true
  },
  "blockcarpentry:general/door": {
    "criteria": {
      "frame_door": "2021-11-27 23:39:03 +0100"
    },
    "done": true
  },
  "create:recipes/create.base/smelting/copper_ingot_from_ore": {
    "criteria": {
      "has_item": "2021-11-27 19:52:50 +0100"
    },
    "done": true
  },
  "create:recipes/create.base/crafting/materials/copper_nugget_from_decompacting": {
    "criteria": {
      "has_item": "2021-11-27 19:55:00 +0100"
    },
    "done": true
  },
  "immersiveengineering:recipes/immersiveengineering/crafting/connector_lv_relay": {
    "criteria": {
      "has_copper_ingot": "2021-11-27 19:55:00 +0100"
    },
    "done": true
  },
  "minecraft:recipes/decorations/yellow_carpet_from_white_carpet": {
    "criteria": {
      "has_yellow_dye": "2021-11-29 13:47:54 +0100"
    },
    "done": true
  },
  "immersiveengineering:recipes/immersiveengineering/crafting/wire_aluminum": {
    "criteria": {
      "has_aluminum_ingot": "2021-11-29 20:10:17 +0100"
    },
    "done": true
  },
  "minecraft:recipes/decorations/andesite_wall": {
    "criteria": {
      "has_andesite": "2021-11-27 22:13:28 +0100"
    },
    "done": true
  },
  "minecraft:recipes/building_blocks/andesite_slab": {
    "criteria": {
      "has_andesite": "2021-11-27 22:13:28 +0100"
    },
    "done": true
  },
  "refinedstorage:recipes/refinedstorage/pattern_grid/cyan_pattern_grid": {
    "criteria": {
      "refinedstorage:grid": "2021-11-27 22:37:08 +0100"
    },
    "done": true
  },
  "minecraft:recipes/misc/orange_dye_from_red_yellow": {
    "criteria": {
      "has_yellow_dye": "2021-11-29 13:47:54 +0100"
    },
    "done": true
  },
  "create:recipes/create.base/crafting/kinetics/fluid_pipe": {
    "criteria": {
      "has_item": "2021-11-27 19:55:00 +0100"
    },
    "done": true
  },
  "refinedstorage:interface_to_the_world": {
    "criteria": {
      "interface_in_inventory": "2021-11-27 22:44:31 +0100"
    },
    "done": true
  },
  "chisel:recipes/chisel/futura/uber_wavy": {
    "criteria": {
      "has_redstone": "2021-11-29 13:35:51 +0100"
    },
    "done": true
  },
  "minecraft:recipes/tools/stone_axe": {
    "criteria": {
      "has_cobblestone": "2021-11-27 22:31:03 +0100"
    },
    "done": true
  },
  "morevillagers:first_workstation_get": {
    "criteria": {
      "smithingtable": "2021-11-27 22:18:45 +0100"
    },
    "done": true
  },
  "create:recipes/create.base/crafting/kinetics/hose_pulley": {
    "criteria": {
      "has_item": "2021-11-27 19:55:00 +0100"
    },
    "done": true
  },
  "betterendforge:recipes/betterendforge/infusion_pedestal": {
    "criteria": {
      "has_ender_pearl": "2021-11-29 21:10:46 +0100"
    },
    "done": true
  },
  "xnet:recipes/xnet/connector_red_dye": {
    "criteria": {
      "chest": "2021-11-29 13:51:34 +0100"
    },
    "done": true
  },
  "minecraft:recipes/building_blocks/bone_block": {
    "criteria": {
      "has_bonemeal": "2021-11-29 13:58:25 +0100"
    },
    "done": true
  },
  "refinedstorage:recipes/refinedstorage/pattern_grid/yellow_pattern_grid": {
    "criteria": {
      "refinedstorage:grid": "2021-11-27 22:37:08 +0100"
    },
    "done": true
  },
  "refinedstorage:recipes/refinedstorage/fluid_grid/red_fluid_grid": {
    "criteria": {
      "refinedstorage:grid": "2021-11-27 22:37:08 +0100"
    },
    "done": true
  },
  "DataVersion": 2586
}